gene,multiomics_shap_score,log2FoldChange,padj,regulation,dmr_delta_beta,dmr_fdr,dmr_status,concordance_index,biological_role
GENE_083,0.3856,0.729,0.02831630159933155,UP,-0.1678,0.29417749568853957,No_Change,2.586,Co-regulated Neuroplasticity Associate
FOS,0.6597,-0.085,0.8209773687101162,NS,0.2231,0.07749525940302124,No_Change,2.553,Immediate-Early Plasticity Trigger
GENE_063,0.5886,0.461,0.04580172903501719,NS,0.0235,0.9416828284663257,No_Change,2.504,Co-regulated Neuroplasticity Associate
CAMK2A,0.4993,0.11,0.7103029697182085,NS,-0.3359,0.03607479887239176,Hypomethylated,2.335,Synaptic & Vocal Mastery Consolidator
GENE_033,0.156,-0.743,0.2814773402155865,NS,0.3241,0.03607479887239176,Hypermethylated,2.231,Co-regulated Neuroplasticity Associate
GENE_049,0.6154,-0.122,0.7542912117406826,NS,0.0989,0.6408787884629312,No_Change,2.227,Co-regulated Neuroplasticity Associate
GENE_012,0.2963,0.242,0.4334667113224704,NS,-0.427,0.03607479887239176,Hypomethylated,2.106,Co-regulated Neuroplasticity Associate
GENE_072,0.4785,-0.197,0.6848726693879204,NS,-0.0934,0.7422711367974,No_Change,1.918,Co-regulated Neuroplasticity Associate
GENE_062,0.188,0.389,0.3000422097207985,NS,-0.3633,0.04611271197897327,Hypomethylated,1.874,Co-regulated Neuroplasticity Associate
GENE_040,0.273,-0.44,0.38381309855484536,NS,0.1813,0.249593588457628,No_Change,1.842,Co-regulated Neuroplasticity Associate
GENE_009,0.2845,0.229,0.5205046856945288,NS,0.282,0.04611271197897327,Hypermethylated,1.761,Co-regulated Neuroplasticity Associate
GENE_095,0.1352,0.66,0.02831630159933155,UP,-0.1773,0.249593588457628,No_Change,1.75,Co-regulated Neuroplasticity Associate
TET2,0.384,0.259,0.5046468797115564,NS,-0.094,0.7465638341964205,No_Change,1.729,Epigenetic Demethylase / Chromatin Opener
GENE_077,0.1223,-0.49,0.43181780932083585,NS,0.275,0.03607479887239176,Hypermethylated,1.652,Co-regulated Neuroplasticity Associate
GENE_089,0.0,0.554,0.02831630159933155,UP,-0.386,0.03607479887239176,Hypomethylated,1.603,Co-regulated Neuroplasticity Associate
GENE_030,0.3637,-0.211,0.6623925670117082,NS,0.0572,0.8521037877000116,No_Change,1.522,Co-regulated Neuroplasticity Associate
GENE_003,0.0,0.661,0.04580172903501719,UP,-0.2607,0.03607479887239176,Hypomethylated,1.513,Co-regulated Neuroplasticity Associate
GENE_016,0.0,-0.49,0.4760751493910224,NS,0.3396,0.059154506087410054,No_Change,1.414,Co-regulated Neuroplasticity Associate
MEF2C,0.0,0.487,0.24710037029085405,NS,-0.3244,0.05090428304144821,No_Change,1.379,Co-regulated Neuroplasticity Associate
KMT2A,0.3325,0.103,0.8178453352306911,NS,0.1025,0.64340207889883,No_Change,1.357,Epigenetic Demethylase / Chromatin Opener
GENE_096,0.0,-0.48,0.3833860320377601,NS,0.3174,0.03607479887239176,Hypermethylated,1.355,Co-regulated Neuroplasticity Associate
GRIN2B,0.0,0.619,0.02831630159933155,UP,-0.1888,0.29417749568853957,No_Change,1.306,Synaptic & Vocal Mastery Consolidator
GENE_071,0.0,0.292,0.39408378223141766,NS,-0.3731,0.03607479887239176,Hypomethylated,1.184,Co-regulated Neuroplasticity Associate
GENE_043,0.0,0.447,0.2814773402155865,NS,-0.2522,0.07892753399148841,No_Change,1.175,Co-regulated Neuroplasticity Associate
GENE_055,0.1907,-0.336,0.038459601372107056,NS,-0.0433,0.8521037877000116,No_Change,1.163,Co-regulated Neuroplasticity Associate
GENE_080,0.0,-0.434,0.10694831601211316,NS,0.2551,0.06378142936713195,No_Change,1.161,Co-regulated Neuroplasticity Associate
EZH2,0.1294,-0.195,0.6031688644419211,NS,0.2325,0.2194880173404545,No_Change,1.146,Epigenetic Repressor / Refractory Lock
GENE_090,0.2411,0.267,0.5963538053941554,NS,-0.0023,0.9941155990576025,No_Change,1.128,Co-regulated Neuroplasticity Associate
FOXP2,0.0,0.4,0.38381309855484536,NS,-0.2504,0.1296278773806378,No_Change,1.101,Synaptic & Vocal Mastery Consolidator
ARC,0.2063,-0.142,0.7359814788566035,NS,-0.1317,0.4159838798198821,No_Change,1.095,Immediate-Early Plasticity Trigger
GENE_029,0.0,0.592,0.10694831601211316,NS,-0.0813,0.28449003215759744,No_Change,1.051,Co-regulated Neuroplasticity Associate
GENE_024,0.2433,-0.183,0.7056492269819175,NS,-0.0159,0.9718294904005667,No_Change,1.036,Co-regulated Neuroplasticity Associate
GENE_038,0.0,0.319,0.38381309855484536,NS,-0.2699,0.07749525940302124,No_Change,1.018,Co-regulated Neuroplasticity Associate
GENE_099,0.1436,0.274,0.38381309855484536,NS,0.0664,0.7422711367974,No_Change,0.975,Co-regulated Neuroplasticity Associate
EGR1,0.1234,-0.163,0.6887087319048807,NS,0.1701,0.249593588457628,No_Change,0.955,Immediate-Early Plasticity Trigger
GENE_064,0.0,-0.553,0.26588990904081194,NS,0.0169,0.9718294904005667,No_Change,0.863,Co-regulated Neuroplasticity Associate
HDAC2,0.0,-0.237,0.4760751493910224,NS,0.2455,0.18944782362274765,No_Change,0.847,Epigenetic Repressor / Refractory Lock
KDM6A,0.1942,-0.084,0.8031702196150544,NS,0.0426,0.8496176436115351,No_Change,0.794,Epigenetic Demethylase / Chromatin Opener
GENE_070,0.0895,-0.269,0.5284755350505413,NS,0.0582,0.7399218128024144,No_Change,0.788,Co-regulated Neuroplasticity Associate
GENE_021,0.0,0.293,0.4760751493910224,NS,-0.1725,0.3519005910357946,No_Change,0.784,Co-regulated Neuroplasticity Associate
GENE_007,0.0,0.364,0.07997108086708211,NS,-0.112,0.5456165783320375,No_Change,0.77,Co-regulated Neuroplasticity Associate
GENE_081,0.0,-0.434,0.3737103311635642,NS,0.0586,0.8240056020379014,No_Change,0.768,Co-regulated Neuroplasticity Associate
GENE_086,0.0,0.277,0.4760751493910224,NS,-0.1695,0.249593588457628,No_Change,0.755,Co-regulated Neuroplasticity Associate
GENE_019,0.0,0.435,0.38381309855484536,NS,-0.0438,0.8680756284229693,No_Change,0.74,Co-regulated Neuroplasticity Associate
GENE_084,0.0,-0.409,0.38381309855484536,NS,-0.0557,0.8521037877000116,No_Change,0.725,Co-regulated Neuroplasticity Associate
GENE_051,0.0,0.088,0.7707900511964403,NS,-0.2917,0.11662887597512787,No_Change,0.715,Co-regulated Neuroplasticity Associate
GENE_001,0.1477,0.093,0.7426528301373391,NS,0.0595,0.8496176436115351,No_Change,0.702,Co-regulated Neuroplasticity Associate
GENE_004,0.0456,-0.165,0.7103029697182085,NS,0.1542,0.34783598158968154,No_Change,0.693,Co-regulated Neuroplasticity Associate
GENE_053,0.0,-0.281,0.4774189836766884,NS,0.134,0.64340207889883,No_Change,0.69,Co-regulated Neuroplasticity Associate
GENE_061,0.0,0.399,0.38381309855484536,NS,0.0316,0.8896229231661615,No_Change,0.662,Co-regulated Neuroplasticity Associate
GENE_058,0.0,0.31,0.4760751493910224,NS,0.0929,0.6649069896098249,No_Change,0.651,Co-regulated Neuroplasticity Associate
DNMT3A,0.0,-0.273,0.5046468797115564,NS,0.1184,0.676519567248401,No_Change,0.646,Epigenetic Repressor / Refractory Lock
GENE_050,0.0,-0.301,0.4760751493910224,NS,0.0944,0.4309357817743899,No_Change,0.64,Co-regulated Neuroplasticity Associate
SYN1,0.0382,0.025,0.8962305853378382,NS,-0.2397,0.0779402484879449,No_Change,0.631,Co-regulated Neuroplasticity Associate
GENE_069,0.0,-0.294,0.4334667113224704,NS,-0.0903,0.7399218128024144,No_Change,0.622,Co-regulated Neuroplasticity Associate
GENE_042,0.0,0.312,0.4334667113224704,NS,0.0771,0.7422711367974,No_Change,0.622,Co-regulated Neuroplasticity Associate
GENE_028,0.1264,-0.09,0.7443242281134103,NS,0.0519,0.8213345763792488,No_Change,0.618,Co-regulated Neuroplasticity Associate
GENE_067,0.0,0.295,0.4334667113224704,NS,0.0868,0.7422711367974,No_Change,0.616,Co-regulated Neuroplasticity Associate
GENE_011,0.0,-0.187,0.5046468797115564,NS,-0.1665,0.18944782362274765,No_Change,0.613,Co-regulated Neuroplasticity Associate
GENE_013,0.0,-0.315,0.4841738805943991,NS,0.0593,0.8240056020379014,No_Change,0.591,Co-regulated Neuroplasticity Associate
SYP,0.0,0.132,0.7103029697182085,NS,-0.1898,0.2116991674116907,No_Change,0.578,Synaptic & Vocal Mastery Consolidator
GENE_034,0.0,0.27,0.521216284569928,NS,-0.0561,0.8240056020379014,No_Change,0.517,Co-regulated Neuroplasticity Associate
GENE_052,0.0,0.093,0.7056492269819175,NS,0.1884,0.06378142936713195,No_Change,0.516,Co-regulated Neuroplasticity Associate
GENE_085,0.0,-0.284,0.5762696764938362,NS,0.0309,0.8951799276898927,No_Change,0.488,Co-regulated Neuroplasticity Associate
GENE_100,0.0,-0.164,0.7359814788566035,NS,0.1121,0.6408787884629312,No_Change,0.47,Co-regulated Neuroplasticity Associate
GENE_031,0.0,-0.238,0.521216284569928,NS,0.0542,0.8240056020379014,No_Change,0.465,Co-regulated Neuroplasticity Associate
BDNF,0.0,-0.211,0.6031688644419211,NS,0.0733,0.661926853703461,No_Change,0.463,Immediate-Early Plasticity Trigger
GENE_044,0.0,-0.114,0.7426528301373391,NS,0.1452,0.5089534231149316,No_Change,0.461,Co-regulated Neuroplasticity Associate
GENE_014,0.0183,0.109,0.7359814788566035,NS,0.1202,0.5089534231149316,No_Change,0.459,Co-regulated Neuroplasticity Associate
GENE_017,0.0,0.289,0.5205046856945288,NS,0.0063,0.9895956650335587,No_Change,0.446,Co-regulated Neuroplasticity Associate
GENE_026,0.0,-0.215,0.5046468797115564,NS,-0.0602,0.8521037877000116,No_Change,0.443,Co-regulated Neuroplasticity Associate
GENE_068,0.0,-0.225,0.5046468797115564,NS,0.0485,0.8240056020379014,No_Change,0.434,Co-regulated Neuroplasticity Associate
GENE_039,0.0,0.153,0.7426528301373391,NS,0.0999,0.7399218128024144,No_Change,0.429,Co-regulated Neuroplasticity Associate
GENE_087,0.0,0.237,0.7056492269819175,NS,0.0356,0.8986781250314103,No_Change,0.427,Co-regulated Neuroplasticity Associate
GENE_046,0.0,-0.12,0.7443242281134103,NS,-0.1205,0.64340207889883,No_Change,0.421,Co-regulated Neuroplasticity Associate
GENE_092,0.0,0.151,0.7103029697182085,NS,0.0944,0.661926853703461,No_Change,0.415,Co-regulated Neuroplasticity Associate
GENE_057,0.0,-0.236,0.6031688644419211,NS,-0.0288,0.9369193928638228,No_Change,0.412,Co-regulated Neuroplasticity Associate
GENE_102,0.0,-0.237,0.6031688644419211,NS,0.0219,0.9416828284663257,No_Change,0.399,Co-regulated Neuroplasticity Associate
GENE_041,0.0,0.228,0.7056492269819175,NS,0.022,0.9416828284663257,No_Change,0.386,Co-regulated Neuroplasticity Associate
GENE_091,0.0,-0.22,0.6031688644419211,NS,-0.0274,0.9166643839072677,No_Change,0.385,Co-regulated Neuroplasticity Associate
GENE_008,0.0,-0.143,0.7359814788566035,NS,0.0822,0.6902321093173437,No_Change,0.379,Co-regulated Neuroplasticity Associate
GENE_075,0.0,-0.185,0.6031688644419211,NS,-0.0498,0.8496176436115351,No_Change,0.377,Co-regulated Neuroplasticity Associate
NPAS4,0.0928,-0.065,0.8382547626471017,NS,-0.0006,0.9941155990576025,No_Change,0.377,Immediate-Early Plasticity Trigger
GENE_037,0.0,0.072,0.7824820580317385,NS,0.1214,0.6408787884629312,No_Change,0.351,Co-regulated Neuroplasticity Associate
GENE_073,0.0,0.065,0.8300445605859026,NS,0.1249,0.661926853703461,No_Change,0.347,Co-regulated Neuroplasticity Associate
GENE_035,0.0,0.017,0.9319349168498449,NS,0.1584,0.18614128562032772,No_Change,0.342,Co-regulated Neuroplasticity Associate
GENE_045,0.0,-0.187,0.7426528301373391,NS,-0.0213,0.9416828284663257,No_Change,0.323,Co-regulated Neuroplasticity Associate
GENE_066,0.0,0.115,0.7426528301373391,NS,-0.0661,0.8240056020379014,No_Change,0.305,Co-regulated Neuroplasticity Associate
GENE_079,0.0,0.103,0.772615113494643,NS,-0.0738,0.7734966139911843,No_Change,0.302,Co-regulated Neuroplasticity Associate
GENE_078,0.0,-0.153,0.7359814788566035,NS,-0.0337,0.8240056020379014,No_Change,0.297,Co-regulated Neuroplasticity Associate
GENE_002,0.0,-0.192,0.6404856751918536,NS,-0.0012,0.9941155990576025,No_Change,0.29,Co-regulated Neuroplasticity Associate
GENE_076,0.0,-0.138,0.7359814788566035,NS,-0.0395,0.8720458186076006,No_Change,0.286,Co-regulated Neuroplasticity Associate
GENE_065,0.0,0.135,0.7359814788566035,NS,0.0414,0.8896229231661615,No_Change,0.285,Co-regulated Neuroplasticity Associate
GENE_097,0.0,0.177,0.7359814788566035,NS,-0.0033,0.9941155990576025,No_Change,0.272,Co-regulated Neuroplasticity Associate
GENE_020,0.0,-0.165,0.7103029697182085,NS,-0.0116,0.9802145396166697,No_Change,0.271,Co-regulated Neuroplasticity Associate
GENE_056,0.0,0.111,0.7359814788566035,NS,-0.0514,0.8240056020379014,No_Change,0.269,Co-regulated Neuroplasticity Associate
GENE_015,0.0,0.085,0.7359814788566035,NS,0.0703,0.8240056020379014,No_Change,0.268,Co-regulated Neuroplasticity Associate
GENE_059,0.0,-0.126,0.7359814788566035,NS,0.0323,0.8896229231661615,No_Change,0.254,Co-regulated Neuroplasticity Associate
GENE_093,0.0,-0.012,0.9319349168498449,NS,0.117,0.6649069896098249,No_Change,0.252,Co-regulated Neuroplasticity Associate
GENE_054,0.0,0.136,0.7707900511964403,NS,-0.0222,0.9416828284663257,No_Change,0.248,Co-regulated Neuroplasticity Associate
GENE_101,0.0,-0.139,0.7359814788566035,NS,0.0154,0.9416828284663257,No_Change,0.239,Co-regulated Neuroplasticity Associate
GENE_027,0.0,0.063,0.8302937919765561,NS,-0.0704,0.7734966139911843,No_Change,0.235,Co-regulated Neuroplasticity Associate
GENE_005,0.0,-0.132,0.6433299460418253,NS,-0.0043,0.9941155990576025,No_Change,0.207,Co-regulated Neuroplasticity Associate
GENE_032,0.0,-0.121,0.7359814788566035,NS,0.0117,0.9802145396166697,No_Change,0.205,Co-regulated Neuroplasticity Associate
GENE_036,0.0,-0.023,0.9319349168498449,NS,0.0848,0.7734966139911843,No_Change,0.204,Co-regulated Neuroplasticity Associate
GENE_048,0.0,0.07,0.7707900511964403,NS,0.0454,0.8521037877000116,No_Change,0.196,Co-regulated Neuroplasticity Associate
GENE_098,0.0,-0.107,0.8031702196150544,NS,-0.0157,0.9718294904005667,No_Change,0.192,Co-regulated Neuroplasticity Associate
GENE_006,0.0,0.032,0.9319349168498449,NS,-0.0712,0.8240056020379014,No_Change,0.19,Co-regulated Neuroplasticity Associate
GENE_018,0.0,0.11,0.8031702196150544,NS,0.0123,0.9802145396166697,No_Change,0.19,Co-regulated Neuroplasticity Associate
GENE_023,0.0,0.065,0.8300445605859026,NS,-0.0443,0.8680756284229693,No_Change,0.186,Co-regulated Neuroplasticity Associate
GENE_060,0.0,0.063,0.8300445605859026,NS,-0.0393,0.8896229231661615,No_Change,0.173,Co-regulated Neuroplasticity Associate
GENE_094,0.0,-0.109,0.7359814788566035,NS,-0.0014,0.9941155990576025,No_Change,0.166,Co-regulated Neuroplasticity Associate
GENE_025,0.0,0.054,0.869335867931338,NS,0.0348,0.8720458186076006,No_Change,0.151,Co-regulated Neuroplasticity Associate
GENE_082,0.0,0.027,0.8962305853378382,NS,0.0535,0.8240056020379014,No_Change,0.147,Co-regulated Neuroplasticity Associate
GENE_088,0.0,0.076,0.8300445605859026,NS,0.0104,0.9802145396166697,No_Change,0.135,Co-regulated Neuroplasticity Associate
GENE_022,0.0,0.023,0.9319349168498449,NS,0.049,0.8240056020379014,No_Change,0.133,Co-regulated Neuroplasticity Associate
GENE_074,0.0,-0.018,0.9319349168498449,NS,-0.037,0.8896229231661615,No_Change,0.101,Co-regulated Neuroplasticity Associate
CREB1,0.0,0.022,0.9319349168498449,NS,0.0295,0.9416828284663257,No_Change,0.092,Co-regulated Neuroplasticity Associate
GENE_047,0.0,0.008,0.9694198898269786,NS,-0.0159,0.9718294904005667,No_Change,0.044,Co-regulated Neuroplasticity Associate
GENE_010,0.0,0.008,0.9694198898269786,NS,0.0075,0.9895956650335587,No_Change,0.027,Co-regulated Neuroplasticity Associate
