sample_id,animal_id,condition,tutoring_hours,true_plasticity_score,Latent_Dim1,Latent_Dim2,Inferred_Pseudotime
ANML_01_Untu_R1,Animal_01,Untutored_Isolate,0,0.0348,-4.01,-10.677,0.3254
ANML_02_Untu_R2,Animal_02,Untutored_Isolate,0,0.0,1.06,-13.327,0.5172
ANML_03_Untu_R3,Animal_03,Untutored_Isolate,0,0.0453,-0.795,-12.408,0.447
ANML_04_Untu_R4,Animal_04,Untutored_Isolate,0,0.1066,-5.246,-3.479,0.2786
ANML_05_Untu_R5,Animal_05,Untutored_Isolate,0,0.0,1.485,-11.65,0.5333
ANML_06_Untu_R6,Animal_06,Untutored_Isolate,0,0.0,-0.107,-11.155,0.4731
ANML_07_Tuto_R1,Animal_07,Tutored_Early_24h,24,0.4439,-9.153,5.479,0.1307
ANML_08_Tuto_R2,Animal_08,Tutored_Early_24h,24,0.3871,-12.608,3.592,0.0
ANML_09_Tuto_R3,Animal_09,Tutored_Early_24h,24,0.3005,-10.808,4.189,0.0681
ANML_10_Tuto_R4,Animal_10,Tutored_Early_24h,24,0.3713,-10.912,3.192,0.0642
ANML_11_Tuto_R5,Animal_11,Tutored_Early_24h,24,0.3009,-9.806,2.603,0.106
ANML_12_Tuto_R6,Animal_12,Tutored_Early_24h,24,0.3007,-10.611,3.135,0.0756
ANML_13_Tuto_R1,Animal_13,Tutored_Subchronic_7d,168,0.6836,4.108,2.607,0.6326
ANML_14_Tuto_R2,Animal_14,Tutored_Subchronic_7d,168,0.5327,-4.233,5.119,0.3169
ANML_15_Tuto_R3,Animal_15,Tutored_Subchronic_7d,168,0.5459,-3.468,7.14,0.3459
ANML_16_Tuto_R4,Animal_16,Tutored_Subchronic_7d,168,0.6273,1.774,5.352,0.5442
ANML_17_Tuto_R5,Animal_17,Tutored_Subchronic_7d,168,0.5958,-2.508,1.015,0.3822
ANML_18_Tuto_R6,Animal_18,Tutored_Subchronic_7d,168,0.6887,5.542,1.525,0.6868
ANML_19_Tuto_R1,Animal_19,Tutored_Mastery_30d,720,0.9364,10.529,4.543,0.8755
ANML_20_Tuto_R2,Animal_20,Tutored_Mastery_30d,720,0.9011,13.818,4.323,1.0
ANML_21_Tuto_R3,Animal_21,Tutored_Mastery_30d,720,1.0,11.93,2.958,0.9286
ANML_22_Tuto_R4,Animal_22,Tutored_Mastery_30d,720,0.9842,10.79,0.453,0.8854
ANML_23_Tuto_R5,Animal_23,Tutored_Mastery_30d,720,1.0,12.333,4.572,0.9438
ANML_24_Tuto_R6,Animal_24,Tutored_Mastery_30d,720,0.9003,10.897,0.901,0.8895
