feature,mean_abs_shap,feature_importance_prior
RNA_GENE_063,0.58859,0.01224
WGBS_CpG_CAMK2A,0.49933,0.01319
ChIP_H3K4me3_GENE_072,0.47855,0.0257
ChIP_H3K4me3_GENE_083,0.3856,0.009
ChIP_H3K27me3_GENE_049,0.37618,0.00888
EpiPermissiveness_KMT2A,0.33246,0.02979
ChIP_H3K4me3_GENE_012,0.29626,0.00715
WGBS_CpG_TET2,0.28179,0.01136
ChIP_H3K4me3_GENE_040,0.27304,0.01026
WGBS_CpG_GENE_009,0.25488,0.00984
WGBS_CpG_GENE_024,0.2433,0.00859
ChIP_H3K27me3_GENE_090,0.24114,0.00851
ChIP_H3K4me3_GENE_049,0.23921,0.00732
ChIP_H3K4me3_ARC,0.20631,0.01764
WGBS_CpG_KDM6A,0.19417,0.02272
EpiPermissiveness_FOS,0.19062,0.01926
ChIP_H3K27me3_GENE_030,0.1906,0.0089
ChIP_H3K4me3_FOS,0.18904,0.01125
WGBS_CpG_FOS,0.18893,0.00763
WGBS_CpG_GENE_062,0.18797,0.00783
ChIP_H3K4me3_GENE_030,0.17306,0.01529
ChIP_H3K27me3_GENE_033,0.15595,0.01478
RNA_GENE_055,0.14816,0.00812
ChIP_H3K4me3_GENE_001,0.14771,0.00877
RNA_GENE_099,0.14364,0.00828
WGBS_CpG_GENE_095,0.13516,0.00833
EpiPermissiveness_EZH2,0.12943,0.01072
ChIP_H3K4me3_GENE_028,0.12642,0.00869
ChIP_H3K27me3_GENE_077,0.12226,0.00774
EpiPermissiveness_TET2,0.10221,0.01135
ChIP_H3K4me3_NPAS4,0.09281,0.00862
ChIP_H3K27me3_FOS,0.09114,0.01184
WGBS_CpG_GENE_070,0.08948,0.00978
ChIP_H3K4me3_EGR1,0.06349,0.01255
EpiPermissiveness_EGR1,0.0599,0.00725
ChIP_H3K4me3_GENE_004,0.0456,0.01112
ChIP_H3K4me3_GENE_055,0.0425,0.01677
RNA_SYN1,0.03815,0.01516
ChIP_H3K4me3_GENE_009,0.02964,0.00756
ChIP_H3K27me3_GENE_014,0.01831,0.00797
ChIP_H3K27me3_GENE_099,0.0,0.0
RNA_GENE_064,0.0,0.00215
ChIP_H3K27me3_GENE_066,0.0,0.0
ChIP_H3K4me3_GENE_066,0.0,0.0
RNA_GENE_066,0.0,0.0
WGBS_CpG_GENE_065,0.0,0.0
ChIP_H3K27me3_GENE_065,0.0,0.0
EpiPermissiveness_ARC,0.0,0.00217
ChIP_H3K4me3_GENE_065,0.0,0.0
RNA_GENE_065,0.0,0.0
WGBS_CpG_GENE_064,0.0,0.0
ChIP_H3K27me3_GENE_064,0.0,0.0
ChIP_H3K4me3_GENE_064,0.0,0.0
WGBS_CpG_GENE_063,0.0,0.00202
RNA_GENE_067,0.0,0.00066
EpiPermissiveness_NPAS4,0.0,0.0
EpiPermissiveness_DNMT3A,0.0,0.00286
ChIP_H3K27me3_GENE_063,0.0,0.0
ChIP_H3K4me3_GENE_063,0.0,0.0
EpiPermissiveness_KDM6A,0.0,0.00432
EpiPermissiveness_CREB1,0.0,0.0
ChIP_H3K27me3_GENE_062,0.0,0.0
ChIP_H3K4me3_GENE_062,0.0,0.00695
RNA_GENE_062,0.0,0.0
WGBS_CpG_GENE_061,0.0,0.0
ChIP_H3K27me3_GENE_061,0.0,0.00132
WGBS_CpG_GENE_066,0.0,0.0
ChIP_H3K4me3_GENE_067,0.0,0.00131
RNA_GENE_061,0.0,0.00065
ChIP_H3K27me3_GENE_070,0.0,0.00524
ChIP_H3K4me3_GENE_073,0.0,0.0
RNA_GENE_073,0.0,0.0
WGBS_CpG_GENE_072,0.0,0.00386
ChIP_H3K27me3_GENE_072,0.0,0.00459
WGBS_CpG_GENE_102,0.0,0.0
RNA_GENE_072,0.0,0.0
WGBS_CpG_GENE_071,0.0,0.00273
ChIP_H3K27me3_GENE_071,0.0,0.00242
ChIP_H3K4me3_GENE_071,0.0,0.00574
RNA_GENE_071,0.0,0.0
EpiPermissiveness_BDNF,0.0,0.00402
ChIP_H3K4me3_GENE_070,0.0,0.00647
ChIP_H3K27me3_GENE_067,0.0,0.0
RNA_GENE_070,0.0,0.0
WGBS_CpG_GENE_069,0.0,0.0
ChIP_H3K27me3_GENE_069,0.0,0.0
ChIP_H3K4me3_GENE_069,0.0,0.00061
RNA_GENE_069,0.0,0.0
WGBS_CpG_GENE_068,0.0,0.0
EpiPermissiveness_FOXP2,0.0,0.0
ChIP_H3K27me3_GENE_068,0.0,0.00054
ChIP_H3K4me3_GENE_068,0.0,0.00075
RNA_GENE_068,0.0,0.0
WGBS_CpG_GENE_067,0.0,0.0
ChIP_H3K4me3_GENE_061,0.0,0.00131
EpiPermissiveness_HDAC2,0.0,0.00548
ChIP_H3K4me3_GENE_099,0.0,0.0
RNA_GENE_051,0.0,0.0
WGBS_CpG_GENE_053,0.0,0.00188
ChIP_H3K27me3_GENE_053,0.0,0.0
ChIP_H3K4me3_GENE_053,0.0,0.0
RNA_GENE_053,0.0,0.00264
WGBS_CpG_GENE_052,0.0,0.00238
ChIP_H3K27me3_GENE_052,0.0,0.00183
ChIP_H3K4me3_GENE_052,0.0,0.0
RNA_GENE_052,0.0,0.00317
WGBS_CpG_GENE_051,0.0,0.00311
ChIP_H3K27me3_GENE_051,0.0,0.00329
ChIP_H3K4me3_GENE_051,0.0,0.0
WGBS_CpG_GENE_050,0.0,0.0
ChIP_H3K4me3_GENE_054,0.0,0.0
ChIP_H3K27me3_GENE_050,0.0,0.0
ChIP_H3K4me3_GENE_050,0.0,0.00421
RNA_GENE_050,0.0,0.0
WGBS_CpG_GENE_049,0.0,0.00602
EpiPermissiveness_SYN1,0.0,0.0
EpiPermissiveness_MEF2C,0.0,0.00409
RNA_GENE_049,0.0,0.00239
WGBS_CpG_GENE_048,0.0,0.0
ChIP_H3K27me3_GENE_048,0.0,0.00202
ChIP_H3K4me3_GENE_048,0.0,0.00067
RNA_GENE_048,0.0,0.0018
RNA_GENE_054,0.0,0.0
EpiPermissiveness_SYP,0.0,0.0012
WGBS_CpG_GENE_060,0.0,0.00174
WGBS_CpG_GENE_057,0.0,0.00074
ChIP_H3K27me3_GENE_060,0.0,0.0
ChIP_H3K4me3_GENE_060,0.0,0.00057
RNA_GENE_060,0.0,0.0
WGBS_CpG_GENE_059,0.0,0.0
ChIP_H3K27me3_GENE_059,0.0,0.00132
ChIP_H3K4me3_GENE_059,0.0,0.00108
RNA_GENE_059,0.0,0.0
WGBS_CpG_GENE_058,0.0,0.0024
ChIP_H3K27me3_GENE_058,0.0,0.0
ChIP_H3K4me3_GENE_058,0.0,0.00062
RNA_GENE_058,0.0,0.00496
ChIP_H3K27me3_GENE_057,0.0,0.0
ChIP_H3K27me3_GENE_054,0.0,0.0
ChIP_H3K4me3_GENE_057,0.0,0.0
RNA_GENE_057,0.0,0.0
WGBS_CpG_GENE_056,0.0,0.00206
ChIP_H3K27me3_GENE_056,0.0,0.0
ChIP_H3K4me3_GENE_056,0.0,0.00111
RNA_GENE_056,0.0,0.00208
WGBS_CpG_GENE_055,0.0,0.00516
ChIP_H3K27me3_GENE_055,0.0,0.00199
EpiPermissiveness_CAMK2A,0.0,0.00396
EpiPermissiveness_GRIN2B,0.0,0.00175
WGBS_CpG_GENE_054,0.0,0.00358
ChIP_H3K27me3_GENE_073,0.0,0.0
WGBS_CpG_GENE_073,0.0,0.0
RNA_GENE_074,0.0,0.0
RNA_GENE_090,0.0,0.0
ChIP_H3K27me3_GENE_092,0.0,0.0
ChIP_H3K4me3_GENE_092,0.0,0.0
RNA_GENE_092,0.0,0.0
WGBS_CpG_GENE_091,0.0,0.00058
ChIP_H3K27me3_GENE_091,0.0,0.0
ChIP_H3K4me3_GENE_091,0.0,0.0
RNA_GENE_091,0.0,0.00161
WGBS_CpG_GENE_090,0.0,0.0
WGBS_CpG_GENE_100,0.0,0.0
RNA_GENE_101,0.0,0.0
ChIP_H3K4me3_GENE_090,0.0,0.00158
WGBS_CpG_GENE_089,0.0,0.00386
RNA_GENE_093,0.0,0.0
ChIP_H3K27me3_GENE_089,0.0,0.00376
ChIP_H3K4me3_GENE_089,0.0,0.0
RNA_GENE_089,0.0,0.00396
WGBS_CpG_GENE_088,0.0,0.0
ChIP_H3K27me3_GENE_088,0.0,0.00065
ChIP_H3K4me3_GENE_088,0.0,0.00109
RNA_GENE_088,0.0,0.00062
ChIP_H3K4me3_GENE_101,0.0,0.0
WGBS_CpG_GENE_087,0.0,0.00212
ChIP_H3K27me3_GENE_087,0.0,0.0
ChIP_H3K4me3_GENE_087,0.0,0.0
WGBS_CpG_GENE_092,0.0,0.0
ChIP_H3K4me3_GENE_093,0.0,0.0
ChIP_H3K4me3_GENE_074,0.0,0.0
ChIP_H3K4me3_GENE_096,0.0,0.0
WGBS_CpG_GENE_099,0.0,0.0
WGBS_CpG_GENE_098,0.0,0.0
ChIP_H3K27me3_GENE_098,0.0,0.0
ChIP_H3K4me3_GENE_098,0.0,0.0
RNA_GENE_098,0.0,0.0
WGBS_CpG_GENE_097,0.0,0.0
ChIP_H3K27me3_GENE_097,0.0,0.0
ChIP_H3K4me3_GENE_097,0.0,0.0
RNA_GENE_097,0.0,0.0
WGBS_CpG_GENE_096,0.0,0.00424
ChIP_H3K27me3_GENE_096,0.0,0.00155
RNA_GENE_096,0.0,0.005
ChIP_H3K27me3_GENE_093,0.0,0.0
RNA_GENE_100,0.0,0.0
ChIP_H3K4me3_GENE_100,0.0,0.0
ChIP_H3K27me3_GENE_095,0.0,0.0
ChIP_H3K4me3_GENE_095,0.0,0.0
RNA_GENE_095,0.0,0.0055
WGBS_CpG_GENE_094,0.0,0.0
ChIP_H3K27me3_GENE_094,0.0,0.0
ChIP_H3K4me3_GENE_094,0.0,0.0
RNA_GENE_094,0.0,0.00241
WGBS_CpG_GENE_093,0.0,0.00207
ChIP_H3K27me3_GENE_100,0.0,0.00183
RNA_GENE_087,0.0,0.00184
WGBS_CpG_GENE_086,0.0,0.0
ChIP_H3K27me3_GENE_086,0.0,0.0
ChIP_H3K27me3_GENE_102,0.0,0.0013
RNA_GENE_080,0.0,0.0
WGBS_CpG_GENE_079,0.0,0.0
ChIP_H3K27me3_GENE_079,0.0,0.0
ChIP_H3K4me3_GENE_079,0.0,0.0
RNA_GENE_079,0.0,0.0
WGBS_CpG_GENE_078,0.0,0.0
ChIP_H3K27me3_GENE_047,0.0,0.00063
ChIP_H3K27me3_GENE_078,0.0,0.0
ChIP_H3K4me3_GENE_078,0.0,0.0
RNA_GENE_078,0.0,0.0
WGBS_CpG_GENE_077,0.0,0.00183
ChIP_H3K4me3_GENE_077,0.0,0.0
ChIP_H3K4me3_GENE_086,0.0,0.0024
RNA_GENE_077,0.0,0.0
WGBS_CpG_GENE_076,0.0,0.0
ChIP_H3K27me3_GENE_076,0.0,0.0
ChIP_H3K4me3_GENE_076,0.0,0.0
RNA_GENE_076,0.0,0.0
WGBS_CpG_GENE_075,0.0,0.0
ChIP_H3K27me3_GENE_075,0.0,0.0
ChIP_H3K4me3_GENE_075,0.0,0.00191
RNA_GENE_075,0.0,0.0
WGBS_CpG_GENE_074,0.0,0.0
ChIP_H3K27me3_GENE_074,0.0,0.00067
ChIP_H3K4me3_GENE_080,0.0,0.0
ChIP_H3K27me3_GENE_080,0.0,0.00235
ChIP_H3K4me3_GENE_102,0.0,0.0
WGBS_CpG_GENE_080,0.0,0.0027
RNA_GENE_086,0.0,0.0
WGBS_CpG_GENE_085,0.0,0.0
ChIP_H3K27me3_GENE_085,0.0,0.0
ChIP_H3K4me3_GENE_085,0.0,0.00109
RNA_GENE_085,0.0,0.0
WGBS_CpG_GENE_084,0.0,0.0044
ChIP_H3K27me3_GENE_084,0.0,0.00295
ChIP_H3K4me3_GENE_084,0.0,0.0
RNA_GENE_084,0.0,0.0
WGBS_CpG_GENE_083,0.0,0.0
ChIP_H3K27me3_GENE_083,0.0,0.00331
ChIP_H3K27me3_GENE_101,0.0,0.0
WGBS_CpG_GENE_101,0.0,0.0
RNA_GENE_083,0.0,0.00202
RNA_GENE_102,0.0,0.0
WGBS_CpG_GENE_082,0.0,0.00214
ChIP_H3K27me3_GENE_082,0.0,0.0
ChIP_H3K4me3_GENE_082,0.0,0.0
RNA_GENE_082,0.0,0.0
WGBS_CpG_GENE_081,0.0,0.00147
ChIP_H3K27me3_GENE_081,0.0,0.0
ChIP_H3K4me3_GENE_081,0.0,0.00069
RNA_GENE_081,0.0,0.00408
WGBS_CpG_GENE_047,0.0,0.0
scProp_Glutamatergic_Neuron,0.0,0.00685
ChIP_H3K4me3_GENE_047,0.0,0.0
RNA_GENE_047,0.0,0.00156
WGBS_CpG_GENE_006,0.0,0.00193
ChIP_H3K27me3_GENE_006,0.0,0.00138
ChIP_H3K4me3_GENE_006,0.0,0.0
RNA_GENE_006,0.0,0.0
WGBS_CpG_GENE_005,0.0,0.00065
ChIP_H3K27me3_GENE_005,0.0,0.0
ChIP_H3K4me3_GENE_005,0.0,0.0
RNA_GENE_005,0.0,0.0
WGBS_CpG_GENE_004,0.0,0.00165
ChIP_H3K27me3_GENE_004,0.0,0.00118
RNA_GENE_004,0.0,0.0
WGBS_CpG_GENE_003,0.0,0.00399
ChIP_H3K27me3_GENE_003,0.0,0.00123
ChIP_H3K4me3_GENE_003,0.0,0.00519
RNA_GENE_003,0.0,0.00069
WGBS_CpG_GENE_002,0.0,0.0
ChIP_H3K27me3_GENE_002,0.0,0.00225
ChIP_H3K4me3_GENE_002,0.0,0.00181
RNA_GENE_002,0.0,0.00301
WGBS_CpG_GENE_001,0.0,0.0007
ChIP_H3K27me3_GENE_001,0.0,0.0
RNA_GENE_001,0.0,0.00369
WGBS_CpG_KMT2A,0.0,0.00202
ChIP_H3K27me3_KMT2A,0.0,0.00461
ChIP_H3K4me3_KMT2A,0.0,0.00305
RNA_KMT2A,0.0,0.0
WGBS_CpG_MEF2C,0.0,0.0
RNA_GENE_007,0.0,0.00375
ChIP_H3K4me3_GENE_007,0.0,0.0
ChIP_H3K27me3_GENE_007,0.0,0.0
WGBS_CpG_GENE_011,0.0,0.00071
ChIP_H3K4me3_GENE_015,0.0,0.0
RNA_GENE_015,0.0,0.0023
WGBS_CpG_GENE_014,0.0,0.0
ChIP_H3K4me3_GENE_014,0.0,0.00228
RNA_GENE_014,0.0,0.0016
WGBS_CpG_GENE_013,0.0,0.00097
ChIP_H3K27me3_GENE_013,0.0,0.0
ChIP_H3K4me3_GENE_013,0.0,0.00073
RNA_GENE_013,0.0,0.00146
WGBS_CpG_GENE_012,0.0,0.00597
ChIP_H3K27me3_GENE_012,0.0,0.00467
RNA_GENE_012,0.0,0.00575
ChIP_H3K27me3_GENE_011,0.0,0.0
WGBS_CpG_GENE_007,0.0,0.0
ChIP_H3K4me3_GENE_011,0.0,0.0
RNA_GENE_011,0.0,0.00104
WGBS_CpG_GENE_010,0.0,0.0
ChIP_H3K27me3_GENE_010,0.0,0.00189
ChIP_H3K4me3_GENE_010,0.0,0.0
RNA_GENE_010,0.0,0.00059
ChIP_H3K27me3_GENE_009,0.0,0.00292
RNA_GENE_009,0.0,0.0
WGBS_CpG_GENE_008,0.0,0.0
ChIP_H3K27me3_GENE_008,0.0,0.00279
ChIP_H3K4me3_GENE_008,0.0,0.0
RNA_GENE_008,0.0,0.00186
ChIP_H3K27me3_MEF2C,0.0,0.0
ChIP_H3K4me3_MEF2C,0.0,0.00254
RNA_MEF2C,0.0,0.00256
WGBS_CpG_EGR1,0.0,0.00459
RNA_TET2,0.0,0.0
WGBS_CpG_DNMT3A,0.0,0.0
ChIP_H3K27me3_DNMT3A,0.0,0.00115
ChIP_H3K4me3_DNMT3A,0.0,0.0
RNA_DNMT3A,0.0,0.00121
WGBS_CpG_NPAS4,0.0,0.0
ChIP_H3K27me3_NPAS4,0.0,0.00256
RNA_NPAS4,0.0,0.00218
WGBS_CpG_ARC,0.0,0.00501
ChIP_H3K27me3_ARC,0.0,0.00362
RNA_ARC,0.0,0.00466
RNA_FOS,0.0,0.00165
ChIP_H3K27me3_EGR1,0.0,0.00067
ChIP_H3K27me3_TET2,0.0,0.0024
RNA_EGR1,0.0,0.00444
WGBS_CpG_FOXP2,0.0,0.00226
ChIP_H3K27me3_FOXP2,0.0,0.0
ChIP_H3K4me3_FOXP2,0.0,0.0
RNA_FOXP2,0.0,0.00226
WGBS_CpG_BDNF,0.0,0.00188
ChIP_H3K27me3_BDNF,0.0,0.00628
ChIP_H3K4me3_BDNF,0.0,0.00118
RNA_BDNF,0.0,0.0
scProp_Microglia,0.0,0.0
scProp_Astrocytes,0.0,0.0
scProp_Oligodendrocyte,0.0,0.0
ChIP_H3K4me3_TET2,0.0,0.0
RNA_KDM6A,0.0,0.00195
WGBS_CpG_SYN1,0.0,0.00544
RNA_CAMK2A,0.0,0.0
ChIP_H3K27me3_SYN1,0.0,0.00106
ChIP_H3K4me3_SYN1,0.0,0.00498
WGBS_CpG_SYP,0.0,0.0
ChIP_H3K27me3_SYP,0.0,0.0
ChIP_H3K4me3_SYP,0.0,0.00607
RNA_SYP,0.0,0.0
WGBS_CpG_GRIN2B,0.0,0.0017
ChIP_H3K27me3_GRIN2B,0.0,0.0
ChIP_H3K4me3_GRIN2B,0.0,0.00245
RNA_GRIN2B,0.0,0.00283
ChIP_H3K27me3_CAMK2A,0.0,0.0
ChIP_H3K4me3_CAMK2A,0.0,0.0
WGBS_CpG_HDAC2,0.0,0.0
ChIP_H3K4me3_KDM6A,0.0,0.00205
ChIP_H3K27me3_HDAC2,0.0,0.00057
ChIP_H3K4me3_HDAC2,0.0,0.00061
RNA_HDAC2,0.0,0.00068
WGBS_CpG_CREB1,0.0,0.00262
ChIP_H3K27me3_CREB1,0.0,0.0
ChIP_H3K4me3_CREB1,0.0,0.00101
RNA_CREB1,0.0,0.0
WGBS_CpG_EZH2,0.0,0.00142
ChIP_H3K27me3_EZH2,0.0,0.00123
ChIP_H3K4me3_EZH2,0.0,0.00714
RNA_EZH2,0.0,0.0
ChIP_H3K27me3_KDM6A,0.0,0.0
ChIP_H3K27me3_GENE_015,0.0,0.0
WGBS_CpG_GENE_015,0.0,0.0
RNA_GENE_016,0.0,0.0
RNA_GENE_036,0.0,0.0
RNA_GENE_039,0.0,0.0
WGBS_CpG_GENE_038,0.0,0.00364
ChIP_H3K27me3_GENE_038,0.0,0.00625
ChIP_H3K4me3_GENE_038,0.0,0.0
RNA_GENE_038,0.0,0.0
WGBS_CpG_GENE_037,0.0,0.0
ChIP_H3K27me3_GENE_037,0.0,0.00064
ChIP_H3K4me3_GENE_037,0.0,0.00284
RNA_GENE_037,0.0,0.0
WGBS_CpG_GENE_036,0.0,0.00062
ChIP_H3K27me3_GENE_036,0.0,0.0
ChIP_H3K4me3_GENE_036,0.0,0.0
WGBS_CpG_GENE_035,0.0,0.00198
ChIP_H3K27me3_GENE_039,0.0,0.0
ChIP_H3K27me3_GENE_035,0.0,0.0
ChIP_H3K4me3_GENE_035,0.0,0.0
RNA_GENE_035,0.0,0.0
WGBS_CpG_GENE_034,0.0,0.00162
ChIP_H3K27me3_GENE_034,0.0,0.00066
ChIP_H3K4me3_GENE_034,0.0,0.0
RNA_GENE_034,0.0,0.00065
WGBS_CpG_GENE_033,0.0,0.0
ChIP_H3K4me3_GENE_033,0.0,0.0
RNA_GENE_033,0.0,0.00527
WGBS_CpG_GENE_032,0.0,0.0
ChIP_H3K27me3_GENE_032,0.0,0.0
ChIP_H3K4me3_GENE_039,0.0,0.00213
WGBS_CpG_GENE_039,0.0,0.0
RNA_GENE_032,0.0,0.00176
WGBS_CpG_GENE_043,0.0,0.00153
WGBS_CpG_GENE_046,0.0,0.00061
ChIP_H3K27me3_GENE_046,0.0,0.0
ChIP_H3K4me3_GENE_046,0.0,0.0
RNA_GENE_046,0.0,0.00069
WGBS_CpG_GENE_045,0.0,0.0044
ChIP_H3K27me3_GENE_045,0.0,0.0
ChIP_H3K4me3_GENE_045,0.0,0.00223
RNA_GENE_045,0.0,0.00074
WGBS_CpG_GENE_044,0.0,0.00216
scProp_GABAergic_Interneuron,0.0,0.0
ChIP_H3K4me3_GENE_044,0.0,0.00558
RNA_GENE_044,0.0,0.0
ChIP_H3K27me3_GENE_043,0.0,0.00557
RNA_GENE_040,0.0,0.0053
ChIP_H3K4me3_GENE_043,0.0,0.0
RNA_GENE_043,0.0,0.0015
WGBS_CpG_GENE_042,0.0,0.0
ChIP_H3K27me3_GENE_042,0.0,0.00229
ChIP_H3K4me3_GENE_042,0.0,0.00175
RNA_GENE_042,0.0,0.0
WGBS_CpG_GENE_041,0.0,0.0
ChIP_H3K27me3_GENE_041,0.0,0.0
ChIP_H3K4me3_GENE_041,0.0,0.0
RNA_GENE_041,0.0,0.0
WGBS_CpG_GENE_040,0.0,0.00067
ChIP_H3K27me3_GENE_040,0.0,0.00559
ChIP_H3K4me3_GENE_032,0.0,0.0
WGBS_CpG_GENE_031,0.0,0.0
ChIP_H3K4me3_GENE_016,0.0,0.0
WGBS_CpG_GENE_019,0.0,0.0
WGBS_CpG_GENE_022,0.0,0.0
ChIP_H3K27me3_GENE_022,0.0,0.0
ChIP_H3K4me3_GENE_022,0.0,0.0
RNA_GENE_022,0.0,0.0
WGBS_CpG_GENE_021,0.0,0.0
ChIP_H3K27me3_GENE_021,0.0,0.0
ChIP_H3K4me3_GENE_021,0.0,0.0
RNA_GENE_021,0.0,0.0
WGBS_CpG_GENE_020,0.0,0.0
ChIP_H3K27me3_GENE_020,0.0,0.0
ChIP_H3K4me3_GENE_020,0.0,0.0
RNA_GENE_020,0.0,0.00177
ChIP_H3K27me3_GENE_019,0.0,0.0
ChIP_H3K4me3_GENE_023,0.0,0.00176
ChIP_H3K4me3_GENE_019,0.0,0.00068
RNA_GENE_019,0.0,0.0006
WGBS_CpG_GENE_018,0.0,0.00201
ChIP_H3K27me3_GENE_018,0.0,0.0007
ChIP_H3K4me3_GENE_018,0.0,0.00211
RNA_GENE_018,0.0,0.0
WGBS_CpG_GENE_017,0.0,0.0
ChIP_H3K27me3_GENE_017,0.0,0.0
ChIP_H3K4me3_GENE_017,0.0,0.0
RNA_GENE_017,0.0,0.00338
WGBS_CpG_GENE_016,0.0,0.00597
ChIP_H3K27me3_GENE_016,0.0,0.00187
RNA_GENE_023,0.0,0.0
ChIP_H3K27me3_GENE_023,0.0,0.00164
ChIP_H3K27me3_GENE_031,0.0,0.0
ChIP_H3K27me3_GENE_027,0.0,0.00345
ChIP_H3K4me3_GENE_031,0.0,0.0
RNA_GENE_031,0.0,0.0
WGBS_CpG_GENE_030,0.0,0.00381
RNA_GENE_030,0.0,0.0
WGBS_CpG_GENE_029,0.0,0.00249
ChIP_H3K27me3_GENE_029,0.0,0.00061
ChIP_H3K4me3_GENE_029,0.0,0.0
RNA_GENE_029,0.0,0.0051
WGBS_CpG_GENE_028,0.0,0.0
ChIP_H3K27me3_GENE_028,0.0,0.00116
RNA_GENE_028,0.0,0.0
WGBS_CpG_GENE_027,0.0,0.0
ChIP_H3K4me3_GENE_027,0.0,0.00315
WGBS_CpG_GENE_023,0.0,0.0
RNA_GENE_027,0.0,0.00106
WGBS_CpG_GENE_026,0.0,0.0
ChIP_H3K27me3_GENE_026,0.0,0.0
ChIP_H3K4me3_GENE_026,0.0,0.0
RNA_GENE_026,0.0,0.0
WGBS_CpG_GENE_025,0.0,0.0
ChIP_H3K27me3_GENE_025,0.0,0.0
ChIP_H3K4me3_GENE_025,0.0,0.002
RNA_GENE_025,0.0,0.0
ChIP_H3K27me3_GENE_024,0.0,0.0
ChIP_H3K4me3_GENE_024,0.0,0.00067
RNA_GENE_024,0.0,0.00068
ChIP_H3K27me3_GENE_044,0.0,0.00707
