gene,condition,mean_h3k4me3,mean_h3k27me3,chromatin_activation_ratio,chromatin_state
BDNF,Untutored_Isolate,5.75,3.082,0.878,Low_Signal
BDNF,Tutored_Early_24h,9.626,0.916,3.259,Active_Promoter
BDNF,Tutored_Subchronic_7d,7.182,1.904,1.862,Active_Promoter
BDNF,Tutored_Mastery_30d,5.12,4.854,0.075,Poised_Bivalent
FOXP2,Untutored_Isolate,5.35,3.344,0.662,Low_Signal
FOXP2,Tutored_Early_24h,5.715,3.334,0.76,Low_Signal
FOXP2,Tutored_Subchronic_7d,5.67,2.472,1.166,Active_Promoter
FOXP2,Tutored_Mastery_30d,6.485,2.488,1.348,Active_Promoter
EGR1,Untutored_Isolate,7.386,3.222,1.172,Low_Signal
EGR1,Tutored_Early_24h,10.529,1.346,2.878,Active_Promoter
EGR1,Tutored_Subchronic_7d,6.423,2.491,1.332,Active_Promoter
EGR1,Tutored_Mastery_30d,5.341,3.939,0.43,Low_Signal
FOS,Untutored_Isolate,6.118,3.419,0.821,Low_Signal
FOS,Tutored_Early_24h,9.988,1.267,2.884,Active_Promoter
FOS,Tutored_Subchronic_7d,7.411,3.947,0.892,Low_Signal
FOS,Tutored_Mastery_30d,5.267,3.853,0.441,Low_Signal
ARC,Untutored_Isolate,6.072,2.206,1.421,Active_Promoter
ARC,Tutored_Early_24h,10.71,1.308,2.94,Active_Promoter
ARC,Tutored_Subchronic_7d,6.906,1.67,1.985,Active_Promoter
ARC,Tutored_Mastery_30d,4.911,3.396,0.519,Low_Signal
NPAS4,Untutored_Isolate,6.5,3.478,0.883,Low_Signal
NPAS4,Tutored_Early_24h,8.845,0.365,4.265,Active_Promoter
NPAS4,Tutored_Subchronic_7d,7.103,2.512,1.463,Active_Promoter
NPAS4,Tutored_Mastery_30d,5.023,4.198,0.253,Poised_Bivalent
DNMT3A,Untutored_Isolate,6.471,3.935,0.704,Low_Signal
DNMT3A,Tutored_Early_24h,6.866,4.507,0.596,Poised_Bivalent
DNMT3A,Tutored_Subchronic_7d,6.633,5.101,0.372,Poised_Bivalent
DNMT3A,Tutored_Mastery_30d,5.711,6.53,-0.19,Poised_Bivalent
TET2,Untutored_Isolate,4.842,4.055,0.25,Poised_Bivalent
TET2,Tutored_Early_24h,7.797,1.436,2.362,Active_Promoter
TET2,Tutored_Subchronic_7d,7.143,1.417,2.256,Active_Promoter
TET2,Tutored_Mastery_30d,5.559,3.053,0.844,Low_Signal
KDM6A,Untutored_Isolate,4.485,3.048,0.543,Low_Signal
KDM6A,Tutored_Early_24h,6.958,2.065,1.705,Active_Promoter
KDM6A,Tutored_Subchronic_7d,7.66,1.913,1.947,Active_Promoter
KDM6A,Tutored_Mastery_30d,5.329,2.912,0.85,Active_Promoter
EZH2,Untutored_Isolate,7.29,3.779,0.93,Low_Signal
EZH2,Tutored_Early_24h,6.693,4.449,0.579,Poised_Bivalent
EZH2,Tutored_Subchronic_7d,4.756,4.666,0.027,Poised_Bivalent
EZH2,Tutored_Mastery_30d,3.778,5.541,-0.541,Low_Signal
CREB1,Untutored_Isolate,5.988,3.24,0.866,Low_Signal
CREB1,Tutored_Early_24h,4.178,3.282,0.339,Low_Signal
CREB1,Tutored_Subchronic_7d,5.098,3.512,0.525,Low_Signal
CREB1,Tutored_Mastery_30d,4.753,3.96,0.257,Low_Signal
HDAC2,Untutored_Isolate,7.666,4.319,0.813,Poised_Bivalent
HDAC2,Tutored_Early_24h,6.309,4.677,0.424,Poised_Bivalent
HDAC2,Tutored_Subchronic_7d,6.046,5.124,0.234,Poised_Bivalent
HDAC2,Tutored_Mastery_30d,4.712,6.065,-0.358,Poised_Bivalent
CAMK2A,Untutored_Isolate,5.609,3.562,0.641,Low_Signal
CAMK2A,Tutored_Early_24h,4.581,2.607,0.79,Low_Signal
CAMK2A,Tutored_Subchronic_7d,6.314,2.943,1.076,Active_Promoter
CAMK2A,Tutored_Mastery_30d,6.727,1.772,1.866,Active_Promoter
GRIN2B,Untutored_Isolate,5.337,3.98,0.414,Low_Signal
GRIN2B,Tutored_Early_24h,5.56,3.543,0.636,Low_Signal
GRIN2B,Tutored_Subchronic_7d,6.574,3.407,0.928,Low_Signal
GRIN2B,Tutored_Mastery_30d,7.13,2.228,1.635,Active_Promoter
SYP,Untutored_Isolate,5.164,4.073,0.335,Poised_Bivalent
SYP,Tutored_Early_24h,5.194,3.278,0.648,Low_Signal
SYP,Tutored_Subchronic_7d,5.891,3.206,0.858,Low_Signal
SYP,Tutored_Mastery_30d,6.991,2.012,1.748,Active_Promoter
SYN1,Untutored_Isolate,4.998,3.87,0.361,Low_Signal
SYN1,Tutored_Early_24h,5.188,3.297,0.639,Low_Signal
SYN1,Tutored_Subchronic_7d,6.151,3.232,0.907,Low_Signal
SYN1,Tutored_Mastery_30d,7.603,2.155,1.772,Active_Promoter
MEF2C,Untutored_Isolate,5.699,3.003,0.902,Low_Signal
MEF2C,Tutored_Early_24h,5.162,3.483,0.554,Low_Signal
MEF2C,Tutored_Subchronic_7d,5.43,2.325,1.189,Active_Promoter
MEF2C,Tutored_Mastery_30d,7.47,2.208,1.714,Active_Promoter
KMT2A,Untutored_Isolate,4.707,4.627,0.024,Poised_Bivalent
KMT2A,Tutored_Early_24h,6.806,2.262,1.548,Active_Promoter
KMT2A,Tutored_Subchronic_7d,7.605,0.84,3.036,Active_Promoter
KMT2A,Tutored_Mastery_30d,4.988,3.391,0.544,Low_Signal
GENE_001,Untutored_Isolate,5.833,3.077,0.901,Low_Signal
GENE_001,Tutored_Early_24h,9.881,1.349,2.784,Active_Promoter
GENE_001,Tutored_Subchronic_7d,6.524,2.762,1.211,Active_Promoter
GENE_001,Tutored_Mastery_30d,5.363,4.21,0.342,Poised_Bivalent
GENE_002,Untutored_Isolate,5.334,3.916,0.436,Low_Signal
GENE_002,Tutored_Early_24h,5.036,4.273,0.232,Poised_Bivalent
GENE_002,Tutored_Subchronic_7d,5.797,3.614,0.667,Low_Signal
GENE_002,Tutored_Mastery_30d,4.189,3.754,0.154,Low_Signal
GENE_003,Untutored_Isolate,4.575,4.206,0.119,Poised_Bivalent
GENE_003,Tutored_Early_24h,5.56,2.947,0.893,Active_Promoter
GENE_003,Tutored_Subchronic_7d,5.634,2.385,1.206,Active_Promoter
GENE_003,Tutored_Mastery_30d,6.196,1.851,1.69,Active_Promoter
GENE_004,Untutored_Isolate,4.896,3.457,0.49,Low_Signal
GENE_004,Tutored_Early_24h,8.868,1.141,2.853,Active_Promoter
GENE_004,Tutored_Subchronic_7d,7.711,2.566,1.551,Active_Promoter
GENE_004,Tutored_Mastery_30d,6.24,3.778,0.709,Low_Signal
GENE_005,Untutored_Isolate,4.383,4.389,-0.002,Poised_Bivalent
GENE_005,Tutored_Early_24h,4.851,3.918,0.301,Low_Signal
GENE_005,Tutored_Subchronic_7d,4.481,4.979,-0.149,Poised_Bivalent
GENE_005,Tutored_Mastery_30d,5.486,3.705,0.554,Low_Signal
GENE_006,Untutored_Isolate,4.725,4.546,0.054,Poised_Bivalent
GENE_006,Tutored_Early_24h,5.236,3.546,0.549,Low_Signal
GENE_006,Tutored_Subchronic_7d,4.356,4.085,0.091,Poised_Bivalent
GENE_006,Tutored_Mastery_30d,5.575,4.232,0.39,Poised_Bivalent
GENE_007,Untutored_Isolate,4.804,3.873,0.304,Low_Signal
GENE_007,Tutored_Early_24h,4.603,4.137,0.151,Poised_Bivalent
GENE_007,Tutored_Subchronic_7d,4.994,3.7,0.423,Low_Signal
GENE_007,Tutored_Mastery_30d,4.853,3.953,0.289,Low_Signal
GENE_008,Untutored_Isolate,4.153,3.776,0.134,Low_Signal
GENE_008,Tutored_Early_24h,4.692,2.688,0.781,Low_Signal
GENE_008,Tutored_Subchronic_7d,5.436,3.735,0.53,Low_Signal
GENE_008,Tutored_Mastery_30d,5.469,4.312,0.336,Poised_Bivalent
GENE_009,Untutored_Isolate,5.912,3.033,0.94,Low_Signal
GENE_009,Tutored_Early_24h,10.611,0.759,3.64,Active_Promoter
GENE_009,Tutored_Subchronic_7d,7.06,2.889,1.26,Active_Promoter
GENE_009,Tutored_Mastery_30d,5.591,4.081,0.445,Poised_Bivalent
GENE_010,Untutored_Isolate,4.82,3.461,0.466,Low_Signal
GENE_010,Tutored_Early_24h,4.689,3.672,0.344,Low_Signal
GENE_010,Tutored_Subchronic_7d,3.999,4.293,-0.1,Low_Signal
GENE_010,Tutored_Mastery_30d,5.178,3.986,0.369,Low_Signal
GENE_011,Untutored_Isolate,4.097,3.88,0.076,Low_Signal
GENE_011,Tutored_Early_24h,4.049,3.321,0.278,Low_Signal
GENE_011,Tutored_Subchronic_7d,5.28,3.935,0.415,Low_Signal
GENE_011,Tutored_Mastery_30d,4.991,4.342,0.197,Poised_Bivalent
GENE_012,Untutored_Isolate,4.125,4.547,-0.137,Poised_Bivalent
GENE_012,Tutored_Early_24h,5.94,3.487,0.752,Low_Signal
GENE_012,Tutored_Subchronic_7d,6.257,2.831,1.117,Active_Promoter
GENE_012,Tutored_Mastery_30d,7.546,1.698,2.089,Active_Promoter
GENE_013,Untutored_Isolate,4.518,4.373,0.046,Poised_Bivalent
GENE_013,Tutored_Early_24h,3.928,4.277,-0.12,Low_Signal
GENE_013,Tutored_Subchronic_7d,4.641,3.934,0.233,Low_Signal
GENE_013,Tutored_Mastery_30d,4.837,3.833,0.328,Low_Signal
GENE_014,Untutored_Isolate,6.349,3.301,0.923,Low_Signal
GENE_014,Tutored_Early_24h,10.437,0.839,3.488,Active_Promoter
GENE_014,Tutored_Subchronic_7d,8.002,2.396,1.699,Active_Promoter
GENE_014,Tutored_Mastery_30d,5.391,2.902,0.871,Active_Promoter
GENE_015,Untutored_Isolate,5.485,3.848,0.5,Low_Signal
GENE_015,Tutored_Early_24h,4.453,3.119,0.5,Low_Signal
GENE_015,Tutored_Subchronic_7d,4.796,3.139,0.596,Low_Signal
GENE_015,Tutored_Mastery_30d,4.549,3.969,0.192,Low_Signal
GENE_016,Untutored_Isolate,4.825,4.444,0.116,Poised_Bivalent
GENE_016,Tutored_Early_24h,4.624,4.659,-0.011,Poised_Bivalent
GENE_016,Tutored_Subchronic_7d,4.067,5.004,-0.292,Poised_Bivalent
GENE_016,Tutored_Mastery_30d,4.064,5.766,-0.494,Poised_Bivalent
GENE_017,Untutored_Isolate,5.253,3.707,0.492,Low_Signal
GENE_017,Tutored_Early_24h,5.067,3.962,0.347,Low_Signal
GENE_017,Tutored_Subchronic_7d,5.252,4.521,0.212,Poised_Bivalent
GENE_017,Tutored_Mastery_30d,4.343,3.863,0.165,Low_Signal
GENE_018,Untutored_Isolate,3.666,4.688,-0.347,Low_Signal
GENE_018,Tutored_Early_24h,4.654,4.615,0.012,Poised_Bivalent
GENE_018,Tutored_Subchronic_7d,5.134,5.012,0.034,Poised_Bivalent
GENE_018,Tutored_Mastery_30d,4.451,4.457,-0.002,Poised_Bivalent
GENE_019,Untutored_Isolate,4.657,3.983,0.221,Low_Signal
GENE_019,Tutored_Early_24h,5.363,3.894,0.452,Low_Signal
GENE_019,Tutored_Subchronic_7d,4.586,4.407,0.056,Poised_Bivalent
GENE_019,Tutored_Mastery_30d,5.562,4.103,0.43,Poised_Bivalent
GENE_020,Untutored_Isolate,4.478,3.472,0.358,Low_Signal
GENE_020,Tutored_Early_24h,4.878,4.077,0.253,Poised_Bivalent
GENE_020,Tutored_Subchronic_7d,4.888,4.355,0.163,Poised_Bivalent
GENE_020,Tutored_Mastery_30d,3.908,4.22,-0.108,Low_Signal
GENE_021,Untutored_Isolate,5.047,3.917,0.358,Low_Signal
GENE_021,Tutored_Early_24h,4.945,3.99,0.303,Low_Signal
GENE_021,Tutored_Subchronic_7d,5.893,2.789,1.053,Active_Promoter
GENE_021,Tutored_Mastery_30d,7.456,2.014,1.837,Active_Promoter
GENE_022,Untutored_Isolate,5.045,2.745,0.855,Active_Promoter
GENE_022,Tutored_Early_24h,4.279,3.517,0.276,Low_Signal
GENE_022,Tutored_Subchronic_7d,4.305,4.851,-0.169,Poised_Bivalent
GENE_022,Tutored_Mastery_30d,4.552,3.802,0.254,Low_Signal
GENE_023,Untutored_Isolate,5.165,3.76,0.448,Low_Signal
GENE_023,Tutored_Early_24h,4.545,4.621,-0.023,Poised_Bivalent
GENE_023,Tutored_Subchronic_7d,5.682,3.899,0.532,Low_Signal
GENE_023,Tutored_Mastery_30d,5.626,4.319,0.374,Poised_Bivalent
GENE_024,Untutored_Isolate,4.83,3.718,0.369,Low_Signal
GENE_024,Tutored_Early_24h,3.974,3.539,0.163,Low_Signal
GENE_024,Tutored_Subchronic_7d,5.334,4.652,0.194,Poised_Bivalent
GENE_024,Tutored_Mastery_30d,5.097,3.432,0.557,Low_Signal
GENE_025,Untutored_Isolate,5.053,3.45,0.538,Low_Signal
GENE_025,Tutored_Early_24h,5.062,3.848,0.387,Low_Signal
GENE_025,Tutored_Subchronic_7d,4.197,3.596,0.217,Low_Signal
GENE_025,Tutored_Mastery_30d,3.864,4.817,-0.311,Low_Signal
GENE_026,Untutored_Isolate,3.694,3.912,-0.081,Low_Signal
GENE_026,Tutored_Early_24h,4.128,3.856,0.096,Low_Signal
GENE_026,Tutored_Subchronic_7d,4.254,3.988,0.091,Low_Signal
GENE_026,Tutored_Mastery_30d,4.638,5.115,-0.138,Poised_Bivalent
GENE_027,Untutored_Isolate,4.859,3.573,0.433,Low_Signal
GENE_027,Tutored_Early_24h,4.575,3.784,0.267,Low_Signal
GENE_027,Tutored_Subchronic_7d,4.318,5.024,-0.214,Poised_Bivalent
GENE_027,Tutored_Mastery_30d,5.209,3.846,0.428,Low_Signal
GENE_028,Untutored_Isolate,6.623,4.116,0.673,Poised_Bivalent
GENE_028,Tutored_Early_24h,9.676,1.206,2.904,Active_Promoter
GENE_028,Tutored_Subchronic_7d,7.872,2.327,1.716,Active_Promoter
GENE_028,Tutored_Mastery_30d,5.004,4.269,0.224,Poised_Bivalent
GENE_029,Untutored_Isolate,4.416,3.972,0.15,Low_Signal
GENE_029,Tutored_Early_24h,5.567,3.26,0.754,Low_Signal
GENE_029,Tutored_Subchronic_7d,6.159,3.222,0.914,Low_Signal
GENE_029,Tutored_Mastery_30d,6.003,2.032,1.517,Active_Promoter
GENE_030,Untutored_Isolate,5.38,3.016,0.815,Low_Signal
GENE_030,Tutored_Early_24h,10.016,0.554,3.952,Active_Promoter
GENE_030,Tutored_Subchronic_7d,7.741,3.23,1.236,Low_Signal
GENE_030,Tutored_Mastery_30d,5.29,4.817,0.132,Poised_Bivalent
GENE_031,Untutored_Isolate,5.054,3.469,0.53,Low_Signal
GENE_031,Tutored_Early_24h,5.058,3.486,0.525,Low_Signal
GENE_031,Tutored_Subchronic_7d,5.091,4.307,0.236,Poised_Bivalent
GENE_031,Tutored_Mastery_30d,4.723,4.415,0.095,Poised_Bivalent
GENE_032,Untutored_Isolate,4.57,3.833,0.248,Low_Signal
GENE_032,Tutored_Early_24h,5.171,3.187,0.682,Low_Signal
GENE_032,Tutored_Subchronic_7d,4.57,4.1,0.153,Poised_Bivalent
GENE_032,Tutored_Mastery_30d,4.851,4.751,0.029,Poised_Bivalent
GENE_033,Untutored_Isolate,4.315,3.542,0.278,Low_Signal
GENE_033,Tutored_Early_24h,3.848,5.685,-0.551,Low_Signal
GENE_033,Tutored_Subchronic_7d,4.731,6.062,-0.351,Poised_Bivalent
GENE_033,Tutored_Mastery_30d,4.263,5.744,-0.421,Poised_Bivalent
GENE_034,Untutored_Isolate,4.668,3.566,0.379,Low_Signal
GENE_034,Tutored_Early_24h,4.799,3.85,0.311,Low_Signal
GENE_034,Tutored_Subchronic_7d,4.488,4.99,-0.15,Poised_Bivalent
GENE_034,Tutored_Mastery_30d,4.134,4.41,-0.091,Poised_Bivalent
GENE_035,Untutored_Isolate,4.845,4.148,0.219,Poised_Bivalent
GENE_035,Tutored_Early_24h,4.569,3.898,0.224,Low_Signal
GENE_035,Tutored_Subchronic_7d,4.611,4.279,0.105,Poised_Bivalent
GENE_035,Tutored_Mastery_30d,4.737,3.955,0.254,Low_Signal
GENE_036,Untutored_Isolate,4.728,4.031,0.225,Poised_Bivalent
GENE_036,Tutored_Early_24h,4.174,4.199,-0.009,Poised_Bivalent
GENE_036,Tutored_Subchronic_7d,5.386,4.214,0.347,Poised_Bivalent
GENE_036,Tutored_Mastery_30d,4.243,4.38,-0.045,Poised_Bivalent
GENE_037,Untutored_Isolate,5.238,4.197,0.313,Poised_Bivalent
GENE_037,Tutored_Early_24h,5.704,3.69,0.615,Low_Signal
GENE_037,Tutored_Subchronic_7d,3.949,4.136,-0.065,Low_Signal
GENE_037,Tutored_Mastery_30d,5.004,4.144,0.266,Poised_Bivalent
GENE_038,Untutored_Isolate,4.327,4.41,-0.027,Poised_Bivalent
GENE_038,Tutored_Early_24h,4.039,2.31,0.78,Low_Signal
GENE_038,Tutored_Subchronic_7d,6.265,3.51,0.818,Low_Signal
GENE_038,Tutored_Mastery_30d,6.55,2.685,1.256,Active_Promoter
GENE_039,Untutored_Isolate,4.292,4.073,0.074,Poised_Bivalent
GENE_039,Tutored_Early_24h,4.594,4.501,0.029,Poised_Bivalent
GENE_039,Tutored_Subchronic_7d,4.717,3.751,0.323,Low_Signal
GENE_039,Tutored_Mastery_30d,5.273,3.939,0.412,Low_Signal
GENE_040,Untutored_Isolate,6.416,3.313,0.933,Low_Signal
GENE_040,Tutored_Early_24h,9.432,0.734,3.514,Active_Promoter
GENE_040,Tutored_Subchronic_7d,7.377,2.028,1.813,Active_Promoter
GENE_040,Tutored_Mastery_30d,4.241,3.753,0.172,Low_Signal
GENE_041,Untutored_Isolate,4.768,3.255,0.537,Low_Signal
GENE_041,Tutored_Early_24h,4.341,4.038,0.102,Poised_Bivalent
GENE_041,Tutored_Subchronic_7d,4.341,4.288,0.018,Poised_Bivalent
GENE_041,Tutored_Mastery_30d,4.957,4.524,0.129,Poised_Bivalent
GENE_042,Untutored_Isolate,4.838,3.142,0.607,Low_Signal
GENE_042,Tutored_Early_24h,4.843,3.46,0.473,Low_Signal
GENE_042,Tutored_Subchronic_7d,4.048,3.623,0.156,Low_Signal
GENE_042,Tutored_Mastery_30d,4.638,4.103,0.173,Poised_Bivalent
GENE_043,Untutored_Isolate,4.847,3.864,0.32,Low_Signal
GENE_043,Tutored_Early_24h,5.875,3.926,0.57,Low_Signal
GENE_043,Tutored_Subchronic_7d,6.361,2.263,1.451,Active_Promoter
GENE_043,Tutored_Mastery_30d,5.779,2.002,1.484,Active_Promoter
GENE_044,Untutored_Isolate,4.675,3.186,0.539,Low_Signal
GENE_044,Tutored_Early_24h,9.864,0.418,4.265,Active_Promoter
GENE_044,Tutored_Subchronic_7d,6.594,2.583,1.319,Active_Promoter
GENE_044,Tutored_Mastery_30d,5.165,2.902,0.811,Active_Promoter
GENE_045,Untutored_Isolate,4.283,4.458,-0.056,Poised_Bivalent
GENE_045,Tutored_Early_24h,5.114,3.637,0.48,Low_Signal
GENE_045,Tutored_Subchronic_7d,5.151,4.396,0.224,Poised_Bivalent
GENE_045,Tutored_Mastery_30d,5.442,3.618,0.576,Low_Signal
GENE_046,Untutored_Isolate,4.664,4.523,0.043,Poised_Bivalent
GENE_046,Tutored_Early_24h,4.689,3.533,0.399,Low_Signal
GENE_046,Tutored_Subchronic_7d,4.236,4.362,-0.041,Poised_Bivalent
GENE_046,Tutored_Mastery_30d,5.212,4.231,0.294,Poised_Bivalent
GENE_047,Untutored_Isolate,4.509,4.585,-0.023,Poised_Bivalent
GENE_047,Tutored_Early_24h,4.555,3.962,0.197,Low_Signal
GENE_047,Tutored_Subchronic_7d,4.711,3.491,0.422,Low_Signal
GENE_047,Tutored_Mastery_30d,5.758,4.276,0.421,Poised_Bivalent
GENE_048,Untutored_Isolate,4.63,4.931,-0.089,Poised_Bivalent
GENE_048,Tutored_Early_24h,4.558,4.308,0.08,Poised_Bivalent
GENE_048,Tutored_Subchronic_7d,3.928,4.717,-0.258,Low_Signal
GENE_048,Tutored_Mastery_30d,4.423,4.398,0.008,Poised_Bivalent
GENE_049,Untutored_Isolate,7.348,3.474,1.059,Low_Signal
GENE_049,Tutored_Early_24h,10.476,1.515,2.711,Active_Promoter
GENE_049,Tutored_Subchronic_7d,6.502,2.14,1.559,Active_Promoter
GENE_049,Tutored_Mastery_30d,4.511,4.619,-0.034,Poised_Bivalent
GENE_050,Untutored_Isolate,5.583,4.257,0.384,Poised_Bivalent
GENE_050,Tutored_Early_24h,4.416,3.485,0.333,Low_Signal
GENE_050,Tutored_Subchronic_7d,4.263,4.026,0.081,Poised_Bivalent
GENE_050,Tutored_Mastery_30d,4.756,3.177,0.568,Low_Signal
GENE_051,Untutored_Isolate,5.131,3.573,0.51,Low_Signal
GENE_051,Tutored_Early_24h,5.931,4.28,0.461,Poised_Bivalent
GENE_051,Tutored_Subchronic_7d,5.201,3.282,0.648,Low_Signal
GENE_051,Tutored_Mastery_30d,6.007,1.463,1.966,Active_Promoter
GENE_052,Untutored_Isolate,4.45,3.638,0.283,Low_Signal
GENE_052,Tutored_Early_24h,4.91,3.636,0.423,Low_Signal
GENE_052,Tutored_Subchronic_7d,4.155,4.648,-0.158,Poised_Bivalent
GENE_052,Tutored_Mastery_30d,4.588,3.051,0.573,Low_Signal
GENE_053,Untutored_Isolate,4.997,3.575,0.472,Low_Signal
GENE_053,Tutored_Early_24h,4.634,4.476,0.049,Poised_Bivalent
GENE_053,Tutored_Subchronic_7d,4.724,3.805,0.305,Low_Signal
GENE_053,Tutored_Mastery_30d,5.062,4.659,0.117,Poised_Bivalent
GENE_054,Untutored_Isolate,4.835,4.321,0.159,Poised_Bivalent
GENE_054,Tutored_Early_24h,4.608,4.044,0.184,Poised_Bivalent
GENE_054,Tutored_Subchronic_7d,4.031,4.009,0.008,Poised_Bivalent
GENE_054,Tutored_Mastery_30d,4.535,3.522,0.356,Low_Signal
GENE_055,Untutored_Isolate,4.666,2.783,0.725,Low_Signal
GENE_055,Tutored_Early_24h,9.586,1.386,2.704,Active_Promoter
GENE_055,Tutored_Subchronic_7d,7.294,2.595,1.456,Active_Promoter
GENE_055,Tutored_Mastery_30d,5.371,3.965,0.429,Low_Signal
GENE_056,Untutored_Isolate,4.862,4.079,0.248,Poised_Bivalent
GENE_056,Tutored_Early_24h,5.019,2.932,0.755,Active_Promoter
GENE_056,Tutored_Subchronic_7d,5.487,3.924,0.474,Low_Signal
GENE_056,Tutored_Mastery_30d,5.38,3.677,0.537,Low_Signal
GENE_057,Untutored_Isolate,4.689,4.068,0.2,Poised_Bivalent
GENE_057,Tutored_Early_24h,4.747,3.809,0.31,Low_Signal
GENE_057,Tutored_Subchronic_7d,5.069,3.832,0.395,Low_Signal
GENE_057,Tutored_Mastery_30d,4.405,3.736,0.232,Low_Signal
GENE_058,Untutored_Isolate,5.101,3.027,0.734,Low_Signal
GENE_058,Tutored_Early_24h,4.821,3.97,0.274,Low_Signal
GENE_058,Tutored_Subchronic_7d,6.077,4.508,0.423,Poised_Bivalent
GENE_058,Tutored_Mastery_30d,4.751,4.168,0.185,Poised_Bivalent
GENE_059,Untutored_Isolate,4.629,3.84,0.263,Low_Signal
GENE_059,Tutored_Early_24h,4.619,3.653,0.33,Low_Signal
GENE_059,Tutored_Subchronic_7d,4.738,4.265,0.148,Poised_Bivalent
GENE_059,Tutored_Mastery_30d,4.979,4.475,0.151,Poised_Bivalent
GENE_060,Untutored_Isolate,5.409,4.284,0.329,Poised_Bivalent
GENE_060,Tutored_Early_24h,4.44,4.187,0.083,Poised_Bivalent
GENE_060,Tutored_Subchronic_7d,5.02,3.818,0.386,Low_Signal
GENE_060,Tutored_Mastery_30d,4.612,3.779,0.281,Low_Signal
GENE_061,Untutored_Isolate,3.842,3.063,0.317,Low_Signal
GENE_061,Tutored_Early_24h,4.545,4.47,0.024,Poised_Bivalent
GENE_061,Tutored_Subchronic_7d,4.793,4.224,0.178,Poised_Bivalent
GENE_061,Tutored_Mastery_30d,4.279,4.443,-0.053,Poised_Bivalent
GENE_062,Untutored_Isolate,3.672,4.619,-0.323,Low_Signal
GENE_062,Tutored_Early_24h,6.221,3.0,1.028,Low_Signal
GENE_062,Tutored_Subchronic_7d,6.007,2.813,1.068,Active_Promoter
GENE_062,Tutored_Mastery_30d,6.651,2.835,1.202,Active_Promoter
GENE_063,Untutored_Isolate,4.388,4.603,-0.068,Poised_Bivalent
GENE_063,Tutored_Early_24h,4.465,4.392,0.023,Poised_Bivalent
GENE_063,Tutored_Subchronic_7d,4.026,3.312,0.274,Low_Signal
GENE_063,Tutored_Mastery_30d,4.147,3.691,0.164,Low_Signal
GENE_064,Untutored_Isolate,4.207,4.087,0.041,Poised_Bivalent
GENE_064,Tutored_Early_24h,5.631,3.558,0.648,Low_Signal
GENE_064,Tutored_Subchronic_7d,5.146,3.765,0.441,Low_Signal
GENE_064,Tutored_Mastery_30d,5.051,4.342,0.214,Poised_Bivalent
GENE_065,Untutored_Isolate,3.95,3.924,0.009,Low_Signal
GENE_065,Tutored_Early_24h,5.48,3.586,0.598,Low_Signal
GENE_065,Tutored_Subchronic_7d,4.736,3.438,0.451,Low_Signal
GENE_065,Tutored_Mastery_30d,4.196,4.212,-0.005,Poised_Bivalent
GENE_066,Untutored_Isolate,5.089,4.251,0.254,Poised_Bivalent
GENE_066,Tutored_Early_24h,4.948,3.923,0.327,Low_Signal
GENE_066,Tutored_Subchronic_7d,4.853,4.601,0.075,Poised_Bivalent
GENE_066,Tutored_Mastery_30d,5.051,4.376,0.203,Poised_Bivalent
GENE_067,Untutored_Isolate,4.936,4.111,0.258,Poised_Bivalent
GENE_067,Tutored_Early_24h,4.896,3.527,0.462,Low_Signal
GENE_067,Tutored_Subchronic_7d,4.957,3.997,0.304,Low_Signal
GENE_067,Tutored_Mastery_30d,4.78,4.766,0.004,Poised_Bivalent
GENE_068,Untutored_Isolate,4.59,3.703,0.302,Low_Signal
GENE_068,Tutored_Early_24h,4.632,3.146,0.544,Low_Signal
GENE_068,Tutored_Subchronic_7d,4.537,4.245,0.094,Poised_Bivalent
GENE_068,Tutored_Mastery_30d,5.515,3.442,0.665,Low_Signal
GENE_069,Untutored_Isolate,5.484,3.277,0.725,Low_Signal
GENE_069,Tutored_Early_24h,4.554,4.249,0.098,Poised_Bivalent
GENE_069,Tutored_Subchronic_7d,4.622,4.568,0.017,Poised_Bivalent
GENE_069,Tutored_Mastery_30d,4.307,3.917,0.133,Low_Signal
GENE_070,Untutored_Isolate,6.333,3.039,1.035,Low_Signal
GENE_070,Tutored_Early_24h,9.575,1.108,3.002,Active_Promoter
GENE_070,Tutored_Subchronic_7d,7.218,2.994,1.242,Active_Promoter
GENE_070,Tutored_Mastery_30d,5.263,3.692,0.5,Low_Signal
GENE_071,Untutored_Isolate,3.048,3.498,-0.193,Low_Signal
GENE_071,Tutored_Early_24h,5.273,3.464,0.592,Low_Signal
GENE_071,Tutored_Subchronic_7d,4.899,2.064,1.208,Low_Signal
GENE_071,Tutored_Mastery_30d,6.84,2.48,1.427,Active_Promoter
GENE_072,Untutored_Isolate,5.703,2.32,1.262,Active_Promoter
GENE_072,Tutored_Early_24h,10.175,0.822,3.478,Active_Promoter
GENE_072,Tutored_Subchronic_7d,6.931,2.857,1.25,Active_Promoter
GENE_072,Tutored_Mastery_30d,4.974,4.021,0.3,Poised_Bivalent
GENE_073,Untutored_Isolate,5.159,5.056,0.028,Poised_Bivalent
GENE_073,Tutored_Early_24h,4.325,3.391,0.342,Low_Signal
GENE_073,Tutored_Subchronic_7d,4.257,4.213,0.015,Poised_Bivalent
GENE_073,Tutored_Mastery_30d,5.063,3.479,0.529,Low_Signal
GENE_074,Untutored_Isolate,3.851,4.599,-0.25,Low_Signal
GENE_074,Tutored_Early_24h,4.541,4.333,0.066,Poised_Bivalent
GENE_074,Tutored_Subchronic_7d,4.286,3.623,0.236,Low_Signal
GENE_074,Tutored_Mastery_30d,3.308,3.811,-0.198,Low_Signal
GENE_075,Untutored_Isolate,5.742,4.094,0.478,Poised_Bivalent
GENE_075,Tutored_Early_24h,4.213,4.243,-0.01,Poised_Bivalent
GENE_075,Tutored_Subchronic_7d,4.862,4.363,0.153,Poised_Bivalent
GENE_075,Tutored_Mastery_30d,5.737,4.593,0.315,Poised_Bivalent
GENE_076,Untutored_Isolate,4.854,3.459,0.477,Low_Signal
GENE_076,Tutored_Early_24h,4.439,3.817,0.213,Low_Signal
GENE_076,Tutored_Subchronic_7d,3.982,4.261,-0.095,Low_Signal
GENE_076,Tutored_Mastery_30d,4.425,3.284,0.419,Low_Signal
GENE_077,Untutored_Isolate,5.176,3.372,0.604,Low_Signal
GENE_077,Tutored_Early_24h,5.088,4.492,0.176,Poised_Bivalent
GENE_077,Tutored_Subchronic_7d,2.948,5.918,-0.981,Repressed_Polycomb
GENE_077,Tutored_Mastery_30d,2.512,6.282,-1.289,Repressed_Polycomb
GENE_078,Untutored_Isolate,4.904,4.368,0.164,Poised_Bivalent
GENE_078,Tutored_Early_24h,4.433,4.678,-0.076,Poised_Bivalent
GENE_078,Tutored_Subchronic_7d,5.368,4.032,0.404,Poised_Bivalent
GENE_078,Tutored_Mastery_30d,4.679,4.933,-0.075,Poised_Bivalent
GENE_079,Untutored_Isolate,4.283,3.94,0.117,Low_Signal
GENE_079,Tutored_Early_24h,4.331,4.17,0.053,Poised_Bivalent
GENE_079,Tutored_Subchronic_7d,4.473,4.294,0.058,Poised_Bivalent
GENE_079,Tutored_Mastery_30d,4.57,3.683,0.304,Low_Signal
GENE_080,Untutored_Isolate,4.694,3.498,0.414,Low_Signal
GENE_080,Tutored_Early_24h,4.338,4.949,-0.186,Poised_Bivalent
GENE_080,Tutored_Subchronic_7d,3.831,5.788,-0.583,Low_Signal
GENE_080,Tutored_Mastery_30d,4.462,5.463,-0.286,Poised_Bivalent
GENE_081,Untutored_Isolate,6.49,2.32,1.445,Active_Promoter
GENE_081,Tutored_Early_24h,9.327,1.068,3.013,Active_Promoter
GENE_081,Tutored_Subchronic_7d,7.618,2.289,1.692,Active_Promoter
GENE_081,Tutored_Mastery_30d,6.105,3.322,0.859,Low_Signal
GENE_082,Untutored_Isolate,5.141,3.69,0.468,Low_Signal
GENE_082,Tutored_Early_24h,4.299,3.776,0.183,Low_Signal
GENE_082,Tutored_Subchronic_7d,4.575,4.379,0.062,Poised_Bivalent
GENE_082,Tutored_Mastery_30d,3.815,4.237,-0.148,Low_Signal
GENE_083,Untutored_Isolate,5.109,3.437,0.559,Low_Signal
GENE_083,Tutored_Early_24h,5.793,3.59,0.675,Low_Signal
GENE_083,Tutored_Subchronic_7d,5.852,3.043,0.921,Low_Signal
GENE_083,Tutored_Mastery_30d,7.688,1.912,1.952,Active_Promoter
GENE_084,Untutored_Isolate,4.757,3.877,0.288,Low_Signal
GENE_084,Tutored_Early_24h,5.011,3.824,0.381,Low_Signal
GENE_084,Tutored_Subchronic_7d,4.938,5.064,-0.036,Poised_Bivalent
GENE_084,Tutored_Mastery_30d,5.261,4.368,0.263,Poised_Bivalent
GENE_085,Untutored_Isolate,3.917,3.793,0.045,Low_Signal
GENE_085,Tutored_Early_24h,5.051,3.419,0.55,Low_Signal
GENE_085,Tutored_Subchronic_7d,3.947,4.478,-0.178,Low_Signal
GENE_085,Tutored_Mastery_30d,4.503,3.937,0.189,Low_Signal
GENE_086,Untutored_Isolate,4.58,3.779,0.271,Low_Signal
GENE_086,Tutored_Early_24h,5.34,3.812,0.476,Low_Signal
GENE_086,Tutored_Subchronic_7d,4.62,3.978,0.211,Low_Signal
GENE_086,Tutored_Mastery_30d,4.914,4.099,0.256,Poised_Bivalent
GENE_087,Untutored_Isolate,5.396,4.627,0.218,Poised_Bivalent
GENE_087,Tutored_Early_24h,4.7,3.766,0.312,Low_Signal
GENE_087,Tutored_Subchronic_7d,4.924,4.083,0.264,Poised_Bivalent
GENE_087,Tutored_Mastery_30d,4.526,4.545,-0.006,Poised_Bivalent
GENE_088,Untutored_Isolate,5.307,3.708,0.506,Low_Signal
GENE_088,Tutored_Early_24h,4.929,3.78,0.375,Low_Signal
GENE_088,Tutored_Subchronic_7d,4.523,4.233,0.093,Poised_Bivalent
GENE_088,Tutored_Mastery_30d,5.053,4.578,0.139,Poised_Bivalent
GENE_089,Untutored_Isolate,5.172,3.31,0.628,Low_Signal
GENE_089,Tutored_Early_24h,5.321,3.327,0.662,Low_Signal
GENE_089,Tutored_Subchronic_7d,5.927,2.18,1.403,Active_Promoter
GENE_089,Tutored_Mastery_30d,6.555,2.384,1.422,Active_Promoter
GENE_090,Untutored_Isolate,4.146,3.684,0.166,Low_Signal
GENE_090,Tutored_Early_24h,6.049,5.19,0.217,Poised_Bivalent
GENE_090,Tutored_Subchronic_7d,4.471,3.027,0.548,Low_Signal
GENE_090,Tutored_Mastery_30d,5.192,3.886,0.409,Low_Signal
GENE_091,Untutored_Isolate,4.019,3.952,0.023,Low_Signal
GENE_091,Tutored_Early_24h,4.697,3.464,0.429,Low_Signal
GENE_091,Tutored_Subchronic_7d,4.881,4.164,0.224,Poised_Bivalent
GENE_091,Tutored_Mastery_30d,5.222,3.543,0.547,Low_Signal
GENE_092,Untutored_Isolate,4.982,4.207,0.239,Poised_Bivalent
GENE_092,Tutored_Early_24h,4.532,4.655,-0.038,Poised_Bivalent
GENE_092,Tutored_Subchronic_7d,4.217,3.45,0.282,Low_Signal
GENE_092,Tutored_Mastery_30d,4.558,3.921,0.212,Low_Signal
GENE_093,Untutored_Isolate,4.729,4.3,0.134,Poised_Bivalent
GENE_093,Tutored_Early_24h,4.856,3.943,0.294,Low_Signal
GENE_093,Tutored_Subchronic_7d,4.467,3.43,0.371,Low_Signal
GENE_093,Tutored_Mastery_30d,5.506,2.607,1.05,Active_Promoter
GENE_094,Untutored_Isolate,5.075,3.742,0.43,Low_Signal
GENE_094,Tutored_Early_24h,3.817,4.827,-0.331,Low_Signal
GENE_094,Tutored_Subchronic_7d,4.841,3.644,0.4,Low_Signal
GENE_094,Tutored_Mastery_30d,3.534,2.69,0.381,Low_Signal
GENE_095,Untutored_Isolate,5.129,4.424,0.209,Poised_Bivalent
GENE_095,Tutored_Early_24h,4.956,2.896,0.755,Low_Signal
GENE_095,Tutored_Subchronic_7d,6.574,2.584,1.314,Active_Promoter
GENE_095,Tutored_Mastery_30d,6.72,2.555,1.361,Active_Promoter
GENE_096,Untutored_Isolate,4.952,4.313,0.195,Poised_Bivalent
GENE_096,Tutored_Early_24h,4.363,3.825,0.185,Low_Signal
GENE_096,Tutored_Subchronic_7d,4.207,5.271,-0.318,Poised_Bivalent
GENE_096,Tutored_Mastery_30d,3.897,5.937,-0.595,Low_Signal
GENE_097,Untutored_Isolate,4.889,3.815,0.35,Low_Signal
GENE_097,Tutored_Early_24h,4.744,4.059,0.22,Poised_Bivalent
GENE_097,Tutored_Subchronic_7d,5.153,4.437,0.211,Poised_Bivalent
GENE_097,Tutored_Mastery_30d,4.939,3.394,0.528,Low_Signal
GENE_098,Untutored_Isolate,4.032,4.04,-0.003,Poised_Bivalent
GENE_098,Tutored_Early_24h,4.515,4.127,0.127,Poised_Bivalent
GENE_098,Tutored_Subchronic_7d,5.363,4.022,0.406,Poised_Bivalent
GENE_098,Tutored_Mastery_30d,4.894,3.726,0.385,Low_Signal
GENE_099,Untutored_Isolate,5.438,4.256,0.346,Poised_Bivalent
GENE_099,Tutored_Early_24h,4.339,3.751,0.205,Low_Signal
GENE_099,Tutored_Subchronic_7d,5.056,3.716,0.434,Low_Signal
GENE_099,Tutored_Mastery_30d,4.149,4.325,-0.058,Poised_Bivalent
GENE_100,Untutored_Isolate,6.138,3.153,0.939,Low_Signal
GENE_100,Tutored_Early_24h,9.063,0.998,3.06,Active_Promoter
GENE_100,Tutored_Subchronic_7d,7.197,3.327,1.091,Low_Signal
GENE_100,Tutored_Mastery_30d,5.75,4.138,0.465,Poised_Bivalent
GENE_101,Untutored_Isolate,4.436,4.121,0.104,Poised_Bivalent
GENE_101,Tutored_Early_24h,4.587,3.086,0.557,Low_Signal
GENE_101,Tutored_Subchronic_7d,4.828,3.041,0.65,Low_Signal
GENE_101,Tutored_Mastery_30d,4.882,3.735,0.377,Low_Signal
GENE_102,Untutored_Isolate,5.515,4.127,0.409,Poised_Bivalent
GENE_102,Tutored_Early_24h,4.887,4.033,0.271,Poised_Bivalent
GENE_102,Tutored_Subchronic_7d,5.116,4.691,0.123,Poised_Bivalent
GENE_102,Tutored_Mastery_30d,4.563,2.955,0.61,Low_Signal
