sample_id,animal_id,condition,tutoring_hours,true_plasticity_score
ANML_01_Untu_R1,Animal_01,Untutored_Isolate,0,0.0348
ANML_02_Untu_R2,Animal_02,Untutored_Isolate,0,0.0
ANML_03_Untu_R3,Animal_03,Untutored_Isolate,0,0.0453
ANML_04_Untu_R4,Animal_04,Untutored_Isolate,0,0.1066
ANML_05_Untu_R5,Animal_05,Untutored_Isolate,0,0.0
ANML_06_Untu_R6,Animal_06,Untutored_Isolate,0,0.0
ANML_07_Tuto_R1,Animal_07,Tutored_Early_24h,24,0.4439
ANML_08_Tuto_R2,Animal_08,Tutored_Early_24h,24,0.3871
ANML_09_Tuto_R3,Animal_09,Tutored_Early_24h,24,0.3005
ANML_10_Tuto_R4,Animal_10,Tutored_Early_24h,24,0.3713
ANML_11_Tuto_R5,Animal_11,Tutored_Early_24h,24,0.3009
ANML_12_Tuto_R6,Animal_12,Tutored_Early_24h,24,0.3007
ANML_13_Tuto_R1,Animal_13,Tutored_Subchronic_7d,168,0.6836
ANML_14_Tuto_R2,Animal_14,Tutored_Subchronic_7d,168,0.5327
ANML_15_Tuto_R3,Animal_15,Tutored_Subchronic_7d,168,0.5459
ANML_16_Tuto_R4,Animal_16,Tutored_Subchronic_7d,168,0.6273
ANML_17_Tuto_R5,Animal_17,Tutored_Subchronic_7d,168,0.5958
ANML_18_Tuto_R6,Animal_18,Tutored_Subchronic_7d,168,0.6887
ANML_19_Tuto_R1,Animal_19,Tutored_Mastery_30d,720,0.9364
ANML_20_Tuto_R2,Animal_20,Tutored_Mastery_30d,720,0.9011
ANML_21_Tuto_R3,Animal_21,Tutored_Mastery_30d,720,1.0
ANML_22_Tuto_R4,Animal_22,Tutored_Mastery_30d,720,0.9842
ANML_23_Tuto_R5,Animal_23,Tutored_Mastery_30d,720,1.0
ANML_24_Tuto_R6,Animal_24,Tutored_Mastery_30d,720,0.9003
