gene,baseMean,log2FoldChange,stat,pvalue,padj,significant,regulation
GRIN2B,8.24,0.619,4.916,0.0006090288204104333,0.02831630159933155,True,UP
GENE_083,7.65,0.729,4.761,0.0008594346246801732,0.02831630159933155,True,UP
GENE_089,7.03,0.554,4.668,0.0009274529800154338,0.02831630159933155,True,UP
GENE_095,7.55,0.66,4.66,0.0009438767199777184,0.02831630159933155,True,UP
GENE_055,7.33,-0.336,-4.314,0.0016024833905044606,0.038459601372107056,False,NS
GENE_063,7.22,0.461,4.315,0.002633836904724092,0.04580172903501719,False,NS
GENE_003,7.95,0.661,4.295,0.0026717675270426697,0.04580172903501719,True,UP
GENE_007,7.33,0.364,3.989,0.005331405391138808,0.07997108086708211,False,NS
GENE_080,5.75,-0.434,-3.273,0.008635914384035813,0.10694831601211316,False,NS
GENE_029,7.65,0.592,3.494,0.008912359667676097,0.10694831601211316,False,NS
MEF2C,7.57,0.487,2.697,0.02265086727666162,0.24710037029085405,False,NS
GENE_064,5.87,-0.553,-2.755,0.02658899090408119,0.26588990904081194,False,NS
GENE_043,7.73,0.447,2.498,0.031612374626492086,0.2814773402155865,False,NS
GENE_033,4.67,-0.743,-2.498,0.03283902302515176,0.2814773402155865,False,NS
GENE_062,8.18,0.389,2.511,0.03750527621509981,0.3000422097207985,False,NS
GENE_081,6.44,-0.434,-2.236,0.049828044155141894,0.3737103311635642,False,NS
GENE_096,5.93,-0.48,-2.251,0.054313021205349345,0.3833860320377601,False,NS
GENE_040,6.9,-0.44,-2.077,0.06470700492483061,0.38381309855484536,False,NS
GENE_061,6.27,0.399,2.054,0.06717397346699304,0.38381309855484536,False,NS
GENE_038,7.18,0.319,2.034,0.06944871564140324,0.38381309855484536,False,NS
GENE_019,6.5,0.435,2.064,0.07081631000432437,0.38381309855484536,False,NS
GENE_084,6.52,-0.409,-2.012,0.07223236847274306,0.38381309855484536,False,NS
FOXP2,7.32,0.4,1.983,0.07578638594509962,0.38381309855484536,False,NS
GENE_099,6.36,0.274,1.987,0.07676261971096907,0.38381309855484536,False,NS
GENE_071,7.52,0.292,1.934,0.08210078796487869,0.39408378223141766,False,NS
GENE_077,5.66,-0.49,-1.853,0.09356052535284777,0.43181780932083585,False,NS
GENE_069,6.48,-0.294,-1.825,0.1028426324310932,0.4334667113224704,False,NS
GENE_042,5.69,0.312,1.809,0.10336053748030684,0.4334667113224704,False,NS
GENE_012,8.07,0.242,1.772,0.10781508383692258,0.4334667113224704,False,NS
GENE_067,6.03,0.295,1.777,0.1083666778306176,0.4334667113224704,False,NS
GENE_086,7.28,0.277,1.756,0.12357878244531503,0.4760751493910224,False,NS
GENE_016,5.18,-0.49,-1.653,0.13013433482359021,0.4760751493910224,False,NS
GENE_021,8.13,0.293,1.627,0.134898168766286,0.4760751493910224,False,NS
GENE_050,6.45,-0.301,-1.646,0.13576782074683127,0.4760751493910224,False,NS
HDAC2,8.35,-0.237,-1.654,0.13956052957117823,0.4760751493910224,False,NS
GENE_058,7.59,0.31,1.713,0.14282254481730672,0.4760751493910224,False,NS
GENE_053,6.92,-0.281,-1.576,0.1472041866336456,0.4774189836766884,False,NS
GENE_013,6.65,-0.315,-1.547,0.15332172885489304,0.4841738805943991,False,NS
GENE_068,6.09,-0.225,-1.519,0.16772968684491976,0.5046468797115564,False,NS
GENE_011,7.48,-0.187,-1.549,0.17047945345806773,0.5046468797115564,False,NS
TET2,6.64,0.259,1.468,0.17289769453545603,0.5046468797115564,False,NS
DNMT3A,7.47,-0.273,-1.45,0.17793774975955304,0.5046468797115564,False,NS
GENE_026,7.1,-0.215,-1.476,0.18083179856330772,0.5046468797115564,False,NS
GENE_009,6.56,0.229,1.421,0.19261585827801833,0.5205046856945288,False,NS
GENE_017,6.25,0.289,1.403,0.19518925713544827,0.5205046856945288,False,NS
GENE_034,5.92,0.27,1.373,0.20147595648284838,0.521216284569928,False,NS
GENE_031,6.67,-0.238,-1.398,0.20414304478988846,0.521216284569928,False,NS
GENE_070,7.24,-0.269,-1.337,0.21139021402021654,0.5284755350505413,False,NS
GENE_085,6.07,-0.284,-1.268,0.2353101179016498,0.5762696764938362,False,NS
GENE_090,6.51,0.267,1.243,0.24848075224756475,0.5963538053941554,False,NS
BDNF,6.94,-0.211,-1.169,0.27127115837805227,0.6031688644419211,False,NS
GENE_102,5.98,-0.237,-1.194,0.27239138423529996,0.6031688644419211,False,NS
EZH2,7.53,-0.195,-1.166,0.2742066770672264,0.6031688644419211,False,NS
GENE_091,6.05,-0.22,-1.157,0.27805614703084514,0.6031688644419211,False,NS
GENE_075,6.95,-0.185,-1.142,0.28024074969474233,0.6031688644419211,False,NS
GENE_057,6.29,-0.236,-1.139,0.2814788034062298,0.6031688644419211,False,NS
GENE_002,6.14,-0.192,-1.127,0.3042306957161305,0.6404856751918536,False,NS
GENE_005,6.87,-0.132,-1.07,0.3109428072535489,0.6433299460418253,False,NS
GENE_030,7.06,-0.211,-1.035,0.3256763454474232,0.6623925670117082,False,NS
GENE_072,7.3,-0.197,-1.002,0.3424363346939602,0.6848726693879204,False,NS
EGR1,6.79,-0.163,-0.99,0.35009360538498097,0.6887087319048807,False,NS
GENE_087,6.26,0.237,0.951,0.3694179966569688,0.7056492269819175,False,NS
GENE_041,6.16,0.228,0.928,0.3754308201588149,0.7056492269819175,False,NS
GENE_024,6.33,-0.183,-0.922,0.37894248379206397,0.7056492269819175,False,NS
GENE_052,7.64,0.093,0.918,0.38222666461520527,0.7056492269819175,False,NS
GENE_092,6.97,0.151,0.895,0.39164510851790024,0.7103029697182085,False,NS
CAMK2A,7.43,0.11,0.88,0.4013676038469335,0.7103029697182085,False,NS
GENE_004,6.34,-0.165,-0.88,0.4032760875154878,0.7103029697182085,False,NS
SYP,7.79,0.132,0.856,0.41336830283495973,0.7103029697182085,False,NS
GENE_020,6.98,-0.165,-0.853,0.41434339900228834,0.7103029697182085,False,NS
GENE_015,7.44,0.085,0.764,0.46261059833315044,0.7359814788566035,False,NS
GENE_094,7.32,-0.109,-0.77,0.4671657344920517,0.7359814788566035,False,NS
GENE_097,6.46,0.177,0.746,0.4727028728510919,0.7359814788566035,False,NS
GENE_065,6.24,0.135,0.739,0.4766939884705276,0.7359814788566035,False,NS
GENE_056,6.75,0.111,0.736,0.4800189117828568,0.7359814788566035,False,NS
GENE_101,6.38,-0.139,-0.731,0.4817734106836763,0.7359814788566035,False,NS
GENE_032,6.23,-0.121,-0.727,0.4841185837514428,0.7359814788566035,False,NS
GENE_059,6.74,-0.126,-0.719,0.48840320028619777,0.7359814788566035,False,NS
ARC,6.67,-0.142,-0.71,0.4945188158009335,0.7359814788566035,False,NS
GENE_078,6.34,-0.153,-0.708,0.4968324067561014,0.7359814788566035,False,NS
GENE_008,6.9,-0.143,-0.704,0.4987317097942726,0.7359814788566035,False,NS
GENE_014,7.37,0.109,0.692,0.5069563189077826,0.7359814788566035,False,NS
GENE_076,6.69,-0.138,-0.679,0.5134784416582336,0.7359814788566035,False,NS
GENE_100,7.25,-0.164,-0.679,0.5151870351996224,0.7359814788566035,False,NS
GENE_039,5.9,0.153,0.646,0.5336214775791834,0.7426528301373391,False,NS
GENE_066,6.83,0.115,0.634,0.5401799275204725,0.7426528301373391,False,NS
GENE_001,6.4,0.093,0.631,0.5433516510413084,0.7426528301373391,False,NS
GENE_045,5.41,-0.187,-0.629,0.5461242427094283,0.7426528301373391,False,NS
GENE_044,5.96,-0.114,-0.617,0.5508008490185266,0.7426528301373391,False,NS
GENE_046,6.78,-0.12,-0.604,0.5595878821882326,0.7443242281134103,False,NS
GENE_028,7.41,-0.09,-0.599,0.5644458729860028,0.7443242281134103,False,NS
GENE_049,6.59,-0.122,-0.576,0.57828992900119,0.7542912117406826,False,NS
GENE_054,6.43,0.136,0.541,0.6015732923407704,0.7707900511964403,False,NS
GENE_048,6.88,0.07,0.537,0.607102469830294,0.7707900511964403,False,NS
GENE_051,7.49,0.088,0.527,0.6102087905305152,0.7707900511964403,False,NS
GENE_079,6.72,0.103,0.517,0.6180920907957144,0.772615113494643,False,NS
GENE_037,5.7,0.072,0.496,0.632506330242322,0.7824820580317385,False,NS
GENE_098,6.97,-0.107,-0.459,0.6561393251737377,0.8031702196150544,False,NS
GENE_018,6.03,0.11,0.442,0.6681733063740043,0.8031702196150544,False,NS
KDM6A,6.31,-0.084,-0.44,0.6693085163458787,0.8031702196150544,False,NS
KMT2A,7.06,0.103,0.413,0.6883531571524983,0.8178453352306911,False,NS
FOS,6.47,-0.085,-0.402,0.6978307634035987,0.8209773687101162,False,NS
GENE_060,6.19,0.063,0.37,0.7201385309191992,0.8300445605859026,False,NS
GENE_073,6.54,0.065,0.354,0.7308883250004246,0.8300445605859026,False,NS
GENE_023,6.92,0.065,0.355,0.7309127195042906,0.8300445605859026,False,NS
GENE_088,6.71,0.076,0.352,0.7332060285175472,0.8300445605859026,False,NS
GENE_027,6.02,0.063,0.341,0.7403452978457624,0.8302937919765561,False,NS
NPAS4,6.81,-0.065,-0.324,0.7544292863823916,0.8382547626471017,False,NS
GENE_025,6.98,0.054,0.274,0.7896467467042986,0.869335867931338,False,NS
SYN1,7.85,0.025,0.224,0.8282578844843762,0.8962305853378382,False,NS
GENE_082,7.52,0.027,0.223,0.8290132914375002,0.8962305853378382,False,NS
GENE_074,6.72,-0.018,-0.156,0.8794519184293395,0.9319349168498449,False,NS
GENE_035,7.06,0.017,0.155,0.8803842406452249,0.9319349168498449,False,NS
GENE_006,6.3,0.032,0.136,0.8947688128800089,0.9319349168498449,False,NS
GENE_036,6.54,-0.023,-0.136,0.8950239012028165,0.9319349168498449,False,NS
GENE_093,7.28,-0.012,-0.122,0.9067883600033018,0.9319349168498449,False,NS
CREB1,6.05,0.022,0.117,0.9091463378406754,0.9319349168498449,False,NS
GENE_022,5.82,0.023,0.108,0.9164026682356807,0.9319349168498449,False,NS
GENE_047,7.28,0.008,0.045,0.9647594689141084,0.9694198898269786,False,NS
GENE_010,6.13,0.008,0.039,0.9694198898269786,0.9694198898269786,False,NS
