scProp_Glutamatergic_Neuron,scProp_GABAergic_Interneuron,scProp_Oligodendrocyte,scProp_Astrocytes,scProp_Microglia,RNA_BDNF,ChIP_H3K4me3_BDNF,ChIP_H3K27me3_BDNF,WGBS_CpG_BDNF,RNA_FOXP2,ChIP_H3K4me3_FOXP2,ChIP_H3K27me3_FOXP2,WGBS_CpG_FOXP2,RNA_EGR1,ChIP_H3K4me3_EGR1,ChIP_H3K27me3_EGR1,WGBS_CpG_EGR1,RNA_FOS,ChIP_H3K4me3_FOS,ChIP_H3K27me3_FOS,WGBS_CpG_FOS,RNA_ARC,ChIP_H3K4me3_ARC,ChIP_H3K27me3_ARC,WGBS_CpG_ARC,RNA_NPAS4,ChIP_H3K4me3_NPAS4,ChIP_H3K27me3_NPAS4,WGBS_CpG_NPAS4,RNA_DNMT3A,ChIP_H3K4me3_DNMT3A,ChIP_H3K27me3_DNMT3A,WGBS_CpG_DNMT3A,RNA_TET2,ChIP_H3K4me3_TET2,ChIP_H3K27me3_TET2,WGBS_CpG_TET2,RNA_KDM6A,ChIP_H3K4me3_KDM6A,ChIP_H3K27me3_KDM6A,WGBS_CpG_KDM6A,RNA_EZH2,ChIP_H3K4me3_EZH2,ChIP_H3K27me3_EZH2,WGBS_CpG_EZH2,RNA_CREB1,ChIP_H3K4me3_CREB1,ChIP_H3K27me3_CREB1,WGBS_CpG_CREB1,RNA_HDAC2,ChIP_H3K4me3_HDAC2,ChIP_H3K27me3_HDAC2,WGBS_CpG_HDAC2,RNA_CAMK2A,ChIP_H3K4me3_CAMK2A,ChIP_H3K27me3_CAMK2A,WGBS_CpG_CAMK2A,RNA_GRIN2B,ChIP_H3K4me3_GRIN2B,ChIP_H3K27me3_GRIN2B,WGBS_CpG_GRIN2B,RNA_SYP,ChIP_H3K4me3_SYP,ChIP_H3K27me3_SYP,WGBS_CpG_SYP,RNA_SYN1,ChIP_H3K4me3_SYN1,ChIP_H3K27me3_SYN1,WGBS_CpG_SYN1,RNA_MEF2C,ChIP_H3K4me3_MEF2C,ChIP_H3K27me3_MEF2C,WGBS_CpG_MEF2C,RNA_KMT2A,ChIP_H3K4me3_KMT2A,ChIP_H3K27me3_KMT2A,WGBS_CpG_KMT2A,RNA_GENE_001,ChIP_H3K4me3_GENE_001,ChIP_H3K27me3_GENE_001,WGBS_CpG_GENE_001,RNA_GENE_002,ChIP_H3K4me3_GENE_002,ChIP_H3K27me3_GENE_002,WGBS_CpG_GENE_002,RNA_GENE_003,ChIP_H3K4me3_GENE_003,ChIP_H3K27me3_GENE_003,WGBS_CpG_GENE_003,RNA_GENE_004,ChIP_H3K4me3_GENE_004,ChIP_H3K27me3_GENE_004,WGBS_CpG_GENE_004,RNA_GENE_005,ChIP_H3K4me3_GENE_005,ChIP_H3K27me3_GENE_005,WGBS_CpG_GENE_005,RNA_GENE_006,ChIP_H3K4me3_GENE_006,ChIP_H3K27me3_GENE_006,WGBS_CpG_GENE_006,RNA_GENE_007,ChIP_H3K4me3_GENE_007,ChIP_H3K27me3_GENE_007,WGBS_CpG_GENE_007,RNA_GENE_008,ChIP_H3K4me3_GENE_008,ChIP_H3K27me3_GENE_008,WGBS_CpG_GENE_008,RNA_GENE_009,ChIP_H3K4me3_GENE_009,ChIP_H3K27me3_GENE_009,WGBS_CpG_GENE_009,RNA_GENE_010,ChIP_H3K4me3_GENE_010,ChIP_H3K27me3_GENE_010,WGBS_CpG_GENE_010,RNA_GENE_011,ChIP_H3K4me3_GENE_011,ChIP_H3K27me3_GENE_011,WGBS_CpG_GENE_011,RNA_GENE_012,ChIP_H3K4me3_GENE_012,ChIP_H3K27me3_GENE_012,WGBS_CpG_GENE_012,RNA_GENE_013,ChIP_H3K4me3_GENE_013,ChIP_H3K27me3_GENE_013,WGBS_CpG_GENE_013,RNA_GENE_014,ChIP_H3K4me3_GENE_014,ChIP_H3K27me3_GENE_014,WGBS_CpG_GENE_014,RNA_GENE_015,ChIP_H3K4me3_GENE_015,ChIP_H3K27me3_GENE_015,WGBS_CpG_GENE_015,RNA_GENE_016,ChIP_H3K4me3_GENE_016,ChIP_H3K27me3_GENE_016,WGBS_CpG_GENE_016,RNA_GENE_017,ChIP_H3K4me3_GENE_017,ChIP_H3K27me3_GENE_017,WGBS_CpG_GENE_017,RNA_GENE_018,ChIP_H3K4me3_GENE_018,ChIP_H3K27me3_GENE_018,WGBS_CpG_GENE_018,RNA_GENE_019,ChIP_H3K4me3_GENE_019,ChIP_H3K27me3_GENE_019,WGBS_CpG_GENE_019,RNA_GENE_020,ChIP_H3K4me3_GENE_020,ChIP_H3K27me3_GENE_020,WGBS_CpG_GENE_020,RNA_GENE_021,ChIP_H3K4me3_GENE_021,ChIP_H3K27me3_GENE_021,WGBS_CpG_GENE_021,RNA_GENE_022,ChIP_H3K4me3_GENE_022,ChIP_H3K27me3_GENE_022,WGBS_CpG_GENE_022,RNA_GENE_023,ChIP_H3K4me3_GENE_023,ChIP_H3K27me3_GENE_023,WGBS_CpG_GENE_023,RNA_GENE_024,ChIP_H3K4me3_GENE_024,ChIP_H3K27me3_GENE_024,WGBS_CpG_GENE_024,RNA_GENE_025,ChIP_H3K4me3_GENE_025,ChIP_H3K27me3_GENE_025,WGBS_CpG_GENE_025,RNA_GENE_026,ChIP_H3K4me3_GENE_026,ChIP_H3K27me3_GENE_026,WGBS_CpG_GENE_026,RNA_GENE_027,ChIP_H3K4me3_GENE_027,ChIP_H3K27me3_GENE_027,WGBS_CpG_GENE_027,RNA_GENE_028,ChIP_H3K4me3_GENE_028,ChIP_H3K27me3_GENE_028,WGBS_CpG_GENE_028,RNA_GENE_029,ChIP_H3K4me3_GENE_029,ChIP_H3K27me3_GENE_029,WGBS_CpG_GENE_029,RNA_GENE_030,ChIP_H3K4me3_GENE_030,ChIP_H3K27me3_GENE_030,WGBS_CpG_GENE_030,RNA_GENE_031,ChIP_H3K4me3_GENE_031,ChIP_H3K27me3_GENE_031,WGBS_CpG_GENE_031,RNA_GENE_032,ChIP_H3K4me3_GENE_032,ChIP_H3K27me3_GENE_032,WGBS_CpG_GENE_032,RNA_GENE_033,ChIP_H3K4me3_GENE_033,ChIP_H3K27me3_GENE_033,WGBS_CpG_GENE_033,RNA_GENE_034,ChIP_H3K4me3_GENE_034,ChIP_H3K27me3_GENE_034,WGBS_CpG_GENE_034,RNA_GENE_035,ChIP_H3K4me3_GENE_035,ChIP_H3K27me3_GENE_035,WGBS_CpG_GENE_035,RNA_GENE_036,ChIP_H3K4me3_GENE_036,ChIP_H3K27me3_GENE_036,WGBS_CpG_GENE_036,RNA_GENE_037,ChIP_H3K4me3_GENE_037,ChIP_H3K27me3_GENE_037,WGBS_CpG_GENE_037,RNA_GENE_038,ChIP_H3K4me3_GENE_038,ChIP_H3K27me3_GENE_038,WGBS_CpG_GENE_038,RNA_GENE_039,ChIP_H3K4me3_GENE_039,ChIP_H3K27me3_GENE_039,WGBS_CpG_GENE_039,RNA_GENE_040,ChIP_H3K4me3_GENE_040,ChIP_H3K27me3_GENE_040,WGBS_CpG_GENE_040,RNA_GENE_041,ChIP_H3K4me3_GENE_041,ChIP_H3K27me3_GENE_041,WGBS_CpG_GENE_041,RNA_GENE_042,ChIP_H3K4me3_GENE_042,ChIP_H3K27me3_GENE_042,WGBS_CpG_GENE_042,RNA_GENE_043,ChIP_H3K4me3_GENE_043,ChIP_H3K27me3_GENE_043,WGBS_CpG_GENE_043,RNA_GENE_044,ChIP_H3K4me3_GENE_044,ChIP_H3K27me3_GENE_044,WGBS_CpG_GENE_044,RNA_GENE_045,ChIP_H3K4me3_GENE_045,ChIP_H3K27me3_GENE_045,WGBS_CpG_GENE_045,RNA_GENE_046,ChIP_H3K4me3_GENE_046,ChIP_H3K27me3_GENE_046,WGBS_CpG_GENE_046,RNA_GENE_047,ChIP_H3K4me3_GENE_047,ChIP_H3K27me3_GENE_047,WGBS_CpG_GENE_047,RNA_GENE_048,ChIP_H3K4me3_GENE_048,ChIP_H3K27me3_GENE_048,WGBS_CpG_GENE_048,RNA_GENE_049,ChIP_H3K4me3_GENE_049,ChIP_H3K27me3_GENE_049,WGBS_CpG_GENE_049,RNA_GENE_050,ChIP_H3K4me3_GENE_050,ChIP_H3K27me3_GENE_050,WGBS_CpG_GENE_050,RNA_GENE_051,ChIP_H3K4me3_GENE_051,ChIP_H3K27me3_GENE_051,WGBS_CpG_GENE_051,RNA_GENE_052,ChIP_H3K4me3_GENE_052,ChIP_H3K27me3_GENE_052,WGBS_CpG_GENE_052,RNA_GENE_053,ChIP_H3K4me3_GENE_053,ChIP_H3K27me3_GENE_053,WGBS_CpG_GENE_053,RNA_GENE_054,ChIP_H3K4me3_GENE_054,ChIP_H3K27me3_GENE_054,WGBS_CpG_GENE_054,RNA_GENE_055,ChIP_H3K4me3_GENE_055,ChIP_H3K27me3_GENE_055,WGBS_CpG_GENE_055,RNA_GENE_056,ChIP_H3K4me3_GENE_056,ChIP_H3K27me3_GENE_056,WGBS_CpG_GENE_056,RNA_GENE_057,ChIP_H3K4me3_GENE_057,ChIP_H3K27me3_GENE_057,WGBS_CpG_GENE_057,RNA_GENE_058,ChIP_H3K4me3_GENE_058,ChIP_H3K27me3_GENE_058,WGBS_CpG_GENE_058,RNA_GENE_059,ChIP_H3K4me3_GENE_059,ChIP_H3K27me3_GENE_059,WGBS_CpG_GENE_059,RNA_GENE_060,ChIP_H3K4me3_GENE_060,ChIP_H3K27me3_GENE_060,WGBS_CpG_GENE_060,RNA_GENE_061,ChIP_H3K4me3_GENE_061,ChIP_H3K27me3_GENE_061,WGBS_CpG_GENE_061,RNA_GENE_062,ChIP_H3K4me3_GENE_062,ChIP_H3K27me3_GENE_062,WGBS_CpG_GENE_062,RNA_GENE_063,ChIP_H3K4me3_GENE_063,ChIP_H3K27me3_GENE_063,WGBS_CpG_GENE_063,RNA_GENE_064,ChIP_H3K4me3_GENE_064,ChIP_H3K27me3_GENE_064,WGBS_CpG_GENE_064,RNA_GENE_065,ChIP_H3K4me3_GENE_065,ChIP_H3K27me3_GENE_065,WGBS_CpG_GENE_065,RNA_GENE_066,ChIP_H3K4me3_GENE_066,ChIP_H3K27me3_GENE_066,WGBS_CpG_GENE_066,RNA_GENE_067,ChIP_H3K4me3_GENE_067,ChIP_H3K27me3_GENE_067,WGBS_CpG_GENE_067,RNA_GENE_068,ChIP_H3K4me3_GENE_068,ChIP_H3K27me3_GENE_068,WGBS_CpG_GENE_068,RNA_GENE_069,ChIP_H3K4me3_GENE_069,ChIP_H3K27me3_GENE_069,WGBS_CpG_GENE_069,RNA_GENE_070,ChIP_H3K4me3_GENE_070,ChIP_H3K27me3_GENE_070,WGBS_CpG_GENE_070,RNA_GENE_071,ChIP_H3K4me3_GENE_071,ChIP_H3K27me3_GENE_071,WGBS_CpG_GENE_071,RNA_GENE_072,ChIP_H3K4me3_GENE_072,ChIP_H3K27me3_GENE_072,WGBS_CpG_GENE_072,RNA_GENE_073,ChIP_H3K4me3_GENE_073,ChIP_H3K27me3_GENE_073,WGBS_CpG_GENE_073,RNA_GENE_074,ChIP_H3K4me3_GENE_074,ChIP_H3K27me3_GENE_074,WGBS_CpG_GENE_074,RNA_GENE_075,ChIP_H3K4me3_GENE_075,ChIP_H3K27me3_GENE_075,WGBS_CpG_GENE_075,RNA_GENE_076,ChIP_H3K4me3_GENE_076,ChIP_H3K27me3_GENE_076,WGBS_CpG_GENE_076,RNA_GENE_077,ChIP_H3K4me3_GENE_077,ChIP_H3K27me3_GENE_077,WGBS_CpG_GENE_077,RNA_GENE_078,ChIP_H3K4me3_GENE_078,ChIP_H3K27me3_GENE_078,WGBS_CpG_GENE_078,RNA_GENE_079,ChIP_H3K4me3_GENE_079,ChIP_H3K27me3_GENE_079,WGBS_CpG_GENE_079,RNA_GENE_080,ChIP_H3K4me3_GENE_080,ChIP_H3K27me3_GENE_080,WGBS_CpG_GENE_080,RNA_GENE_081,ChIP_H3K4me3_GENE_081,ChIP_H3K27me3_GENE_081,WGBS_CpG_GENE_081,RNA_GENE_082,ChIP_H3K4me3_GENE_082,ChIP_H3K27me3_GENE_082,WGBS_CpG_GENE_082,RNA_GENE_083,ChIP_H3K4me3_GENE_083,ChIP_H3K27me3_GENE_083,WGBS_CpG_GENE_083,RNA_GENE_084,ChIP_H3K4me3_GENE_084,ChIP_H3K27me3_GENE_084,WGBS_CpG_GENE_084,RNA_GENE_085,ChIP_H3K4me3_GENE_085,ChIP_H3K27me3_GENE_085,WGBS_CpG_GENE_085,RNA_GENE_086,ChIP_H3K4me3_GENE_086,ChIP_H3K27me3_GENE_086,WGBS_CpG_GENE_086,RNA_GENE_087,ChIP_H3K4me3_GENE_087,ChIP_H3K27me3_GENE_087,WGBS_CpG_GENE_087,RNA_GENE_088,ChIP_H3K4me3_GENE_088,ChIP_H3K27me3_GENE_088,WGBS_CpG_GENE_088,RNA_GENE_089,ChIP_H3K4me3_GENE_089,ChIP_H3K27me3_GENE_089,WGBS_CpG_GENE_089,RNA_GENE_090,ChIP_H3K4me3_GENE_090,ChIP_H3K27me3_GENE_090,WGBS_CpG_GENE_090,RNA_GENE_091,ChIP_H3K4me3_GENE_091,ChIP_H3K27me3_GENE_091,WGBS_CpG_GENE_091,RNA_GENE_092,ChIP_H3K4me3_GENE_092,ChIP_H3K27me3_GENE_092,WGBS_CpG_GENE_092,RNA_GENE_093,ChIP_H3K4me3_GENE_093,ChIP_H3K27me3_GENE_093,WGBS_CpG_GENE_093,RNA_GENE_094,ChIP_H3K4me3_GENE_094,ChIP_H3K27me3_GENE_094,WGBS_CpG_GENE_094,RNA_GENE_095,ChIP_H3K4me3_GENE_095,ChIP_H3K27me3_GENE_095,WGBS_CpG_GENE_095,RNA_GENE_096,ChIP_H3K4me3_GENE_096,ChIP_H3K27me3_GENE_096,WGBS_CpG_GENE_096,RNA_GENE_097,ChIP_H3K4me3_GENE_097,ChIP_H3K27me3_GENE_097,WGBS_CpG_GENE_097,RNA_GENE_098,ChIP_H3K4me3_GENE_098,ChIP_H3K27me3_GENE_098,WGBS_CpG_GENE_098,RNA_GENE_099,ChIP_H3K4me3_GENE_099,ChIP_H3K27me3_GENE_099,WGBS_CpG_GENE_099,RNA_GENE_100,ChIP_H3K4me3_GENE_100,ChIP_H3K27me3_GENE_100,WGBS_CpG_GENE_100,RNA_GENE_101,ChIP_H3K4me3_GENE_101,ChIP_H3K27me3_GENE_101,WGBS_CpG_GENE_101,RNA_GENE_102,ChIP_H3K4me3_GENE_102,ChIP_H3K27me3_GENE_102,WGBS_CpG_GENE_102,EpiPermissiveness_BDNF,EpiPermissiveness_FOXP2,EpiPermissiveness_EGR1,EpiPermissiveness_FOS,EpiPermissiveness_ARC,EpiPermissiveness_NPAS4,EpiPermissiveness_DNMT3A,EpiPermissiveness_TET2,EpiPermissiveness_KDM6A,EpiPermissiveness_EZH2,EpiPermissiveness_CREB1,EpiPermissiveness_HDAC2,EpiPermissiveness_CAMK2A,EpiPermissiveness_GRIN2B,EpiPermissiveness_SYP,EpiPermissiveness_SYN1,EpiPermissiveness_MEF2C,EpiPermissiveness_KMT2A
0.5173,0.1768,0.1549,0.099,0.0521,7.717,5.587,4.582,0.6768,3.974,5.432,3.896,0.2974,7.13,8.197,2.152,0.5398,8.385,6.683,3.357,0.3241,5.154,6.394,1.753,0.569,5.448,5.401,1.595,0.7215,8.645,6.68,3.258,0.3908,8.509,6.897,5.025,0.5783,7.395,5.644,2.407,0.6312,10.301,7.27,4.171,0.3784,7.072,5.655,4.0,0.5499,6.103,7.465,2.909,0.7619,6.246,6.577,3.224,0.3925,5.102,5.601,5.908,0.3851,7.919,4.263,3.163,0.6943,6.856,6.22,4.572,0.6053,4.107,4.725,2.153,0.5092,4.447,6.874,3.202,0.332,4.854,4.529,3.321,0.4986,5.77,5.847,3.582,0.5061,5.243,5.135,5.126,0.5792,6.601,5.498,4.435,0.2344,6.041,3.742,4.132,0.4941,6.966,4.703,5.444,0.6552,6.922,4.453,4.594,0.5467,8.489,3.235,2.34,0.3858,4.786,7.859,2.447,0.2977,8.221,3.233,2.344,0.6485,9.06,6.24,3.794,0.6759,8.499,3.942,5.397,0.5408,6.615,4.051,3.515,0.6083,7.554,6.096,4.852,0.3902,8.181,6.024,2.182,0.3158,4.756,5.869,4.302,0.5014,4.577,3.177,4.624,0.6152,8.048,3.527,6.148,0.325,6.635,5.692,5.328,0.5228,7.442,4.058,2.209,0.4553,8.265,5.836,2.883,0.7653,8.284,2.792,1.776,0.5019,8.18,6.24,3.858,0.5178,9.104,6.891,3.742,0.6298,7.546,5.354,4.047,0.3614,8.804,4.677,4.163,0.7979,5.372,2.594,2.491,0.5107,6.509,6.514,4.23,0.4256,5.617,4.916,5.569,0.5315,5.431,4.257,1.735,0.3196,6.268,5.259,2.522,0.3388,5.754,4.92,5.123,0.3537,7.486,3.872,2.845,0.4762,6.97,2.674,3.3,0.6178,6.265,4.841,2.956,0.3922,5.408,3.356,5.758,0.5618,6.684,5.024,4.781,0.5717,6.548,4.082,5.836,0.578,4.584,2.589,3.346,0.4023,9.111,7.765,2.103,0.3745,5.967,6.047,1.926,0.4435,6.946,4.634,3.842,0.3712,4.637,2.704,6.049,0.4832,8.018,6.12,2.695,0.4169,8.762,3.033,5.085,0.4226,6.978,4.04,5.899,0.4692,4.726,5.792,4.258,0.4518,7.155,2.764,5.639,0.6342,7.85,7.705,4.02,0.3489,8.525,4.425,5.152,0.3382,7.532,5.402,4.558,0.6041,8.363,5.179,4.396,0.5229,8.377,6.76,4.393,0.6583,6.635,4.382,5.18,0.8687,6.961,4.415,1.906,0.6223,5.955,5.481,3.764,0.412,5.633,6.312,3.605,0.5583,8.927,4.525,4.584,0.3289,5.008,3.081,3.09,0.4993,6.364,3.154,2.886,0.7642,5.579,2.587,2.634,0.6298,7.228,2.783,2.143,0.6783,5.136,6.244,5.121,0.6888,8.154,2.058,2.871,0.3543,5.613,5.53,2.421,0.5419,8.552,6.228,2.551,0.7208,4.583,3.522,4.041,0.5652,5.397,2.094,5.823,0.4391,8.4,3.915,2.515,0.3283,9.534,5.753,2.602,0.4442,6.208,4.012,3.009,0.7108,9.402,7.404,1.585,0.2432,6.754,4.058,4.983,0.4323,6.158,3.282,5.555,0.6292,4.858,6.232,2.479,0.8177,7.703,5.993,4.825,0.5851,8.851,6.901,2.254,0.6759,8.781,6.61,4.163,0.6748,4.778,2.768,4.826,0.4864,7.305,3.545,4.69,0.7741,8.817,8.319,1.935,0.639,9.03,5.695,3.909,0.4987,5.282,3.42,2.63,0.2778,8.989,6.731,2.158,0.5555,7.131,3.705,2.519,0.3904,8.787,6.365,5.359,0.8293,5.136,6.878,3.179,0.3783,8.445,3.858,2.843,0.7104,6.161,4.036,2.975,0.6714,4.009,6.692,4.084,0.5932,6.433,3.982,5.641,0.7149,8.435,5.444,4.865,0.5945,7.426,3.156,5.273,0.7488,8.385,5.792,3.103,0.6277,6.673,6.947,3.387,0.5996,7.35,2.631,4.424,0.4937,3.939,2.819,3.618,0.4763,8.843,4.612,4.102,0.4267,5.825,6.745,2.794,0.4671,6.678,8.206,2.533,0.6771,5.762,6.471,3.824,0.8124,8.477,6.299,4.652,0.3244,1.0426,1.2652,2.9361,1.7675,2.64,2.2351,1.7819,1.2093,1.7985,1.5636,1.2162,1.9796,1.7697,0.8761,1.0772,1.1786,1.7106,1.8916
0.5291,0.1892,0.1452,0.0881,0.0484,6.873,4.128,3.546,0.3797,4.669,3.993,3.994,0.6144,5.524,5.747,1.798,0.4204,4.574,5.038,3.308,0.2679,5.121,6.033,4.086,0.6223,8.682,3.822,5.097,0.2924,9.837,6.378,5.22,0.3796,6.96,4.763,5.05,0.3747,6.209,5.112,4.776,0.4206,6.186,5.994,3.478,0.7071,5.309,7.545,2.129,0.8047,10.367,8.749,3.793,0.4008,7.255,5.726,2.196,0.6564,8.007,4.584,4.134,0.477,4.824,5.387,2.882,0.6944,7.893,4.569,3.164,0.6452,6.282,6.394,5.157,0.5761,4.253,4.683,5.708,0.3331,7.184,3.89,1.84,0.7718,6.25,4.893,4.75,0.3438,6.209,6.907,2.901,0.6555,7.136,3.894,4.779,0.6396,7.608,2.904,4.734,0.8571,8.059,6.624,3.833,0.4889,5.731,5.687,2.215,0.6343,6.303,3.359,3.82,0.475,6.787,5.294,4.495,0.4595,6.232,5.283,4.059,0.6196,8.623,2.486,5.477,0.4364,5.991,6.307,4.036,0.408,5.256,3.382,4.773,0.3532,5.715,7.939,3.302,0.6531,7.183,5.797,5.882,0.402,8.741,3.95,3.311,0.6654,4.661,5.087,3.701,0.6114,3.941,2.687,5.006,0.5361,5.981,6.371,2.839,0.6917,8.388,3.247,2.086,0.6337,5.588,2.988,4.282,0.3371,7.498,5.482,3.219,0.5356,3.954,5.219,5.556,0.3909,6.065,5.481,3.412,0.6637,8.026,4.953,4.645,0.3679,7.297,2.591,3.239,0.4599,5.82,4.296,3.864,0.6002,8.731,4.82,5.109,0.3221,5.212,3.192,3.622,0.3919,9.457,4.111,4.591,0.7232,6.691,4.31,2.045,0.4579,6.72,4.093,2.133,0.6371,4.138,5.911,3.766,0.3079,3.968,5.888,2.399,0.6463,5.953,2.737,5.909,0.5122,7.531,5.957,2.303,0.4762,4.338,4.9,2.273,0.3885,8.572,2.726,3.492,0.3617,6.372,4.231,4.66,0.7298,9.233,4.067,4.936,0.5007,7.101,3.317,4.005,0.3787,4.143,6.113,1.994,0.2825,7.958,5.299,2.584,0.4134,4.892,4.288,4.894,0.3786,4.403,5.279,5.535,0.6939,7.935,6.09,4.447,0.3128,5.991,4.378,4.515,0.765,7.522,3.542,5.628,0.7251,8.346,7.092,3.879,0.3321,7.803,6.397,3.544,0.5959,6.64,4.064,4.136,0.6588,6.759,2.415,3.065,0.6072,7.763,5.708,2.317,0.4334,4.458,3.247,5.683,0.8117,7.921,5.209,2.96,0.5687,7.056,5.956,2.749,0.6282,8.416,3.519,5.585,0.5764,6.291,4.44,2.734,0.4095,8.33,6.67,5.628,0.6317,5.611,6.384,3.112,0.539,3.467,2.66,5.637,0.4287,7.876,3.325,5.252,0.5177,6.606,4.136,5.037,0.6598,6.943,6.537,2.382,0.3197,5.064,3.72,5.068,0.4796,6.142,4.089,5.81,0.3148,3.873,4.555,2.641,0.762,8.711,5.076,3.588,0.3391,6.703,4.901,2.573,0.8025,4.88,6.155,3.566,0.2978,6.533,2.766,3.924,0.7213,5.465,4.355,2.522,0.6397,6.235,6.712,5.113,0.3488,6.947,2.804,4.078,0.7191,8.232,5.042,4.173,0.7037,7.387,6.215,3.103,0.708,8.249,5.495,2.647,0.5274,6.928,7.282,3.314,0.7818,3.781,5.198,4.191,0.6718,6.654,6.023,3.239,0.4684,8.577,4.996,1.836,0.5411,7.708,5.798,4.495,0.4816,4.511,5.674,3.199,0.6665,7.574,5.229,4.268,0.4794,6.987,3.716,5.117,0.5443,8.257,4.677,3.455,0.8053,8.603,3.657,5.841,0.6615,3.903,5.578,3.681,0.3794,5.628,6.069,2.373,0.7579,4.956,2.715,2.738,0.6987,8.25,5.388,2.656,0.4544,6.462,3.995,4.37,0.6424,6.819,5.172,4.734,0.3226,8.063,6.81,4.371,0.6644,5.743,4.109,2.273,0.3328,5.729,3.287,4.162,0.3847,5.157,6.773,3.619,0.2571,8.231,4.525,4.396,0.7221,6.378,6.422,4.9,0.5794,7.772,4.028,3.113,0.4593,4.784,3.208,3.772,0.7015,4.184,5.553,5.671,0.5765,1.0254,0.8481,2.4789,1.3705,1.2547,0.6963,1.119,0.8621,0.9651,1.3988,2.4871,2.0376,1.9394,0.973,1.4653,1.1688,1.0962,0.7626
0.5066,0.1767,0.1824,0.0987,0.0356,8.743,7.475,4.181,0.5396,7.73,4.145,4.973,0.6416,8.234,7.191,3.458,0.38,4.875,6.948,3.352,0.4253,7.551,6.193,1.726,0.7143,4.671,6.079,4.731,0.3597,10.13,5.133,6.072,0.4176,5.642,5.719,2.323,0.5079,6.131,3.883,2.262,0.2683,7.578,7.133,3.092,0.5376,7.162,5.284,2.635,0.4366,10.599,8.582,5.013,0.5535,8.761,6.835,2.592,0.5245,6.304,3.937,2.247,0.7479,8.36,7.108,3.847,0.7342,8.517,3.455,5.491,0.5684,7.654,5.993,2.35,0.4084,8.928,2.901,5.819,0.5915,5.806,7.616,4.113,0.5279,6.512,2.792,3.466,0.5078,8.811,2.8,5.695,0.5904,8.414,4.056,1.086,0.4493,8.426,3.861,5.585,0.4639,7.026,4.113,4.892,0.449,6.672,3.076,4.898,0.4304,7.08,2.593,5.093,0.4491,4.865,7.291,2.221,0.2504,3.952,6.019,2.353,0.4125,5.08,6.244,3.537,0.6854,9.16,3.385,4.401,0.5481,7.046,6.531,5.362,0.7835,8.013,3.588,2.391,0.6568,5.77,4.535,2.113,0.6679,7.341,4.8,5.932,0.3983,7.112,6.288,3.034,0.6301,5.385,3.632,2.268,0.2947,3.7,3.293,2.932,0.5433,6.326,7.152,3.859,0.6436,9.458,3.096,2.025,0.7,6.33,4.363,3.082,0.3275,6.527,4.068,2.973,0.3997,6.331,2.921,5.847,0.7631,4.899,3.499,2.987,0.6242,7.05,4.438,4.625,0.4194,7.808,5.358,2.202,0.3752,6.262,6.542,3.542,0.3254,5.709,2.9,2.656,0.5097,6.275,6.086,3.33,0.2747,8.336,6.721,5.468,0.5223,7.494,5.498,3.119,0.6073,4.991,5.404,3.122,0.4689,3.84,4.437,4.18,0.3055,7.21,6.991,5.626,0.6048,5.24,4.997,2.971,0.4044,5.346,6.942,5.117,0.4861,6.166,6.967,5.623,0.721,3.808,5.05,2.878,0.4662,7.137,7.987,4.439,0.3592,8.527,5.133,2.362,0.4834,5.162,3.902,2.252,0.6546,5.968,3.939,4.542,0.7377,7.666,4.552,3.011,0.5934,4.249,3.985,4.647,0.4496,6.21,4.486,6.03,0.7464,7.447,5.62,5.609,0.3851,8.465,6.545,4.831,0.5679,5.67,7.602,3.976,0.4371,7.735,5.505,5.88,0.3163,8.194,4.798,3.302,0.3627,8.267,3.648,4.308,0.5458,5.379,5.09,3.291,0.6382,6.49,5.747,3.284,0.3838,8.383,4.901,2.515,0.5819,8.318,3.258,3.891,0.364,6.328,3.765,3.019,0.4406,8.393,5.191,2.364,0.3457,6.834,5.775,3.374,0.2446,5.68,5.125,5.547,0.8399,7.654,4.239,1.575,0.5871,8.462,3.223,4.58,0.7835,6.236,3.669,3.712,0.7245,5.662,5.821,2.536,0.3717,4.933,3.266,4.135,0.6827,8.273,7.122,4.381,0.4063,4.941,3.655,5.769,0.6246,7.238,6.292,3.512,0.5505,6.534,6.57,1.724,0.6848,7.334,8.688,1.165,0.5829,4.768,2.942,2.694,0.5968,6.422,4.937,2.054,0.5106,7.783,3.541,5.246,0.8047,8.385,2.541,3.575,0.5934,8.486,6.034,5.101,0.4801,7.657,3.567,2.994,0.3714,5.808,2.552,3.1,0.5679,4.963,2.86,6.263,0.6618,6.666,5.964,2.614,0.572,5.152,5.266,2.398,0.4671,8.97,4.987,2.825,0.4922,7.779,4.013,2.08,0.6762,6.64,4.175,5.025,0.5084,4.737,4.163,5.496,0.7707,4.348,5.329,2.7,0.4446,5.512,4.705,2.19,0.5364,4.381,3.56,5.101,0.5979,7.904,6.436,4.53,0.3413,5.247,6.733,5.207,0.7631,7.003,5.049,2.906,0.5117,4.855,3.055,3.709,0.7628,5.746,6.476,4.308,0.7021,7.163,3.656,3.288,0.3344,7.526,5.882,5.543,0.662,5.391,2.608,5.449,0.3701,8.748,6.311,3.521,0.7419,4.518,7.106,3.401,0.6702,4.474,2.057,3.634,0.6438,4.314,6.261,5.101,0.7198,7.911,7.136,4.812,0.5594,6.791,6.236,5.759,0.5157,7.768,5.526,2.565,0.5497,1.5506,0.7253,1.8261,1.792,2.4379,1.1711,0.779,1.9513,1.4763,1.9125,1.666,1.5145,2.125,1.2721,1.5184,0.5609,2.0966,0.4456
0.5185,0.1788,0.1342,0.1104,0.0582,8.217,6.236,0.943,0.5534,7.762,6.814,2.656,0.2905,9.018,9.149,2.211,0.4412,9.699,7.49,2.955,0.3661,9.7,7.922,1.064,0.6422,9.435,9.41,0.756,0.6259,6.006,6.0,2.295,0.7983,5.351,4.524,2.959,0.3212,6.562,4.403,1.647,0.2936,6.842,8.291,3.05,0.3658,4.187,5.348,3.768,0.3711,7.61,5.344,5.558,0.3937,7.97,6.244,5.02,0.4078,6.586,6.31,3.724,0.5391,5.986,4.442,4.788,0.4094,7.223,3.848,3.76,0.4607,5.774,3.65,2.553,0.6921,5.467,5.101,4.476,0.3531,6.103,8.066,1.339,0.3011,6.887,5.798,2.857,0.5281,4.446,4.247,2.956,0.3788,6.459,7.005,1.998,0.4459,6.325,5.269,5.659,0.5344,5.647,6.186,2.717,0.2767,5.905,3.096,3.617,0.6829,4.961,5.498,4.723,0.7701,6.659,6.505,0.657,0.6177,7.508,4.089,5.104,0.7343,8.436,2.162,4.832,0.6211,5.431,3.97,4.927,0.7426,9.567,4.399,4.253,0.456,8.415,8.694,3.326,0.5127,8.036,6.807,5.486,0.4372,5.566,4.703,5.524,0.3343,5.543,4.88,3.652,0.4108,8.333,5.707,5.661,0.7449,5.696,2.275,4.998,0.6966,9.051,4.09,1.746,0.6207,8.938,6.51,5.656,0.3913,3.768,5.81,3.272,0.4544,8.522,6.038,3.586,0.4499,4.229,4.21,4.074,0.7389,6.041,5.153,3.205,0.7457,6.642,3.375,4.585,0.7573,4.506,5.068,5.098,0.6766,9.364,8.497,2.631,0.3139,7.533,5.588,1.849,0.4548,9.838,7.346,1.597,0.4749,6.585,5.735,4.036,0.6497,8.421,4.867,5.575,0.4967,6.139,4.632,3.749,0.5956,6.2,5.378,5.244,0.7599,7.453,5.251,2.267,0.7281,7.256,4.235,2.389,0.3765,3.952,5.326,4.232,0.3773,4.409,5.304,3.244,0.3104,3.594,5.25,3.285,0.8243,10.219,6.522,2.479,0.2257,4.435,5.995,5.925,0.3167,4.492,4.005,3.844,0.4198,8.052,5.798,2.763,0.3146,5.776,4.775,2.07,0.5196,8.745,3.494,3.075,0.5446,8.612,3.944,2.512,0.6607,9.175,3.538,6.27,0.7976,4.805,4.369,4.821,0.514,6.784,9.182,3.287,0.5707,5.107,6.663,2.682,0.4305,7.558,5.593,4.255,0.4493,5.542,5.412,4.902,0.3248,8.579,3.897,3.884,0.2959,6.209,4.99,3.185,0.526,8.025,5.156,0.544,0.4729,7.613,3.866,4.457,0.6953,8.958,3.49,2.368,0.5054,3.392,5.992,3.066,0.644,5.556,5.553,5.127,0.3471,8.29,6.557,4.688,0.4937,5.933,3.664,2.701,0.4611,8.999,4.927,5.299,0.4636,6.182,3.31,4.84,0.397,8.203,4.228,5.235,0.6236,5.875,2.872,5.598,0.3574,4.515,2.594,4.934,0.5714,5.382,4.271,4.214,0.8036,6.496,4.84,2.647,0.6446,8.332,5.486,2.649,0.5907,9.982,6.117,0.843,0.4582,6.177,3.27,4.255,0.7576,10.349,6.575,1.981,0.526,8.144,3.629,3.66,0.5864,5.987,3.028,5.236,0.4146,6.928,3.817,5.151,0.6023,5.217,3.197,2.967,0.5291,3.976,4.711,4.845,0.7198,4.267,4.466,4.479,0.587,8.546,2.853,5.878,0.3003,6.936,4.256,2.373,0.5861,5.919,8.456,3.957,0.4812,7.175,6.203,3.991,0.5273,7.815,5.424,2.239,0.2996,7.152,2.696,3.606,0.3762,5.92,4.859,3.715,0.4918,4.547,5.103,4.895,0.7629,3.655,6.793,5.464,0.4535,4.323,4.751,3.427,0.3254,4.42,4.349,2.333,0.3491,6.183,3.878,1.967,0.4953,8.788,2.723,2.974,0.4988,5.788,4.667,5.747,0.4544,6.948,6.137,5.142,0.6904,6.882,4.064,3.778,0.7869,5.471,6.693,4.801,0.7038,6.347,4.673,4.236,0.4207,7.144,2.744,3.604,0.7613,7.842,5.624,4.983,0.4851,6.916,3.524,2.045,0.5337,10.298,6.218,2.4,0.1512,8.811,3.439,2.466,0.7465,5.948,5.637,5.463,0.5561,3.9063,2.2367,3.3242,2.1894,4.386,6.35,1.8789,1.3384,2.1577,2.3582,1.2616,0.8831,1.1296,1.4462,0.8385,0.8906,1.0911,1.0349
0.5412,0.1556,0.1372,0.121,0.0451,5.104,4.183,3.033,0.393,8.348,6.671,2.28,0.434,8.227,7.945,5.188,0.5977,5.844,3.928,4.862,0.5197,6.404,5.578,2.15,0.7643,8.225,6.798,4.972,0.4586,7.24,7.188,3.402,0.4987,4.991,3.662,4.995,0.7094,4.023,4.886,2.319,0.4129,10.273,8.584,5.087,0.3393,6.933,5.703,3.858,0.3548,9.197,8.207,5.163,0.7849,7.493,5.499,3.371,0.726,5.156,6.287,4.557,0.3688,8.832,6.351,5.025,0.3234,8.818,5.782,2.488,0.4623,5.482,6.484,3.132,0.6885,8.813,3.617,3.617,0.4725,7.459,4.266,5.092,0.3243,6.722,5.734,3.331,0.6439,7.675,4.807,3.288,0.5912,5.065,4.629,3.084,0.3602,8.543,4.067,2.03,0.6144,4.836,2.628,5.841,0.3934,6.604,5.476,4.487,0.7303,9.038,5.982,2.826,0.5124,8.545,4.842,4.425,0.2533,4.993,4.374,3.782,0.7091,8.658,2.495,3.043,0.4336,7.261,3.179,2.189,0.7306,8.807,4.082,5.459,0.3588,5.783,5.409,2.673,0.5028,6.202,6.133,4.599,0.6139,5.845,2.646,3.178,0.7945,4.659,6.33,2.265,0.8385,4.443,3.241,6.011,0.7088,6.79,3.969,2.949,0.5871,5.069,3.554,4.993,0.581,6.505,6.022,2.881,0.3216,4.68,5.083,2.884,0.451,5.522,6.866,2.405,0.8231,6.813,4.832,2.961,0.4362,5.466,6.712,4.451,0.6285,8.305,4.234,2.499,0.8087,6.756,6.275,5.182,0.5187,9.144,6.311,4.459,0.6447,7.198,4.243,5.093,0.4874,6.112,4.683,3.75,0.489,7.869,3.861,3.431,0.369,5.191,5.218,4.66,0.6428,8.546,2.626,3.612,0.7428,5.669,6.315,2.46,0.6401,7.445,5.098,3.978,0.4147,6.485,6.282,4.935,0.7504,6.416,5.477,3.953,0.3862,6.996,3.302,5.167,0.55,6.721,3.351,4.973,0.3625,6.569,6.103,2.825,0.7479,3.883,4.645,3.264,0.756,5.024,6.846,3.593,0.5767,4.493,6.662,2.965,0.401,4.999,4.048,1.442,0.6474,3.646,4.15,3.974,0.5744,4.212,6.034,6.17,0.7425,7.502,4.261,3.582,0.7138,7.041,5.017,3.342,0.434,4.696,7.985,2.673,0.5513,4.879,5.216,5.317,0.5132,4.899,4.085,3.033,0.727,7.581,4.606,2.829,0.5614,8.887,3.319,2.963,0.3872,4.19,4.53,5.009,0.7344,8.981,4.233,5.098,0.6384,5.317,4.19,5.047,0.6762,5.195,4.234,5.784,0.6636,4.838,6.588,3.301,0.4197,8.453,3.146,2.204,0.4036,3.698,5.63,5.837,0.4438,5.815,4.686,2.059,0.652,6.091,5.093,5.713,0.6547,6.762,4.007,5.856,0.5606,8.851,2.859,5.34,0.6247,5.49,3.321,2.969,0.425,5.493,6.331,3.354,0.7901,7.89,6.635,2.495,0.3444,6.642,4.38,2.389,0.6234,6.869,6.697,5.63,0.4683,7.038,4.432,5.23,0.2971,8.522,2.696,4.08,0.2901,6.21,3.941,2.572,0.7546,4.082,6.052,5.801,0.3321,6.89,6.396,6.666,0.3967,8.77,6.413,3.537,0.6076,9.628,5.132,3.145,0.652,7.336,4.947,5.067,0.5655,6.27,2.802,2.214,0.627,8.482,3.617,4.463,0.7037,6.218,4.088,5.219,0.3654,7.057,6.292,2.123,0.6113,4.906,2.969,2.601,0.799,5.222,5.631,4.742,0.608,7.468,3.408,5.728,0.2975,8.647,3.071,3.452,0.4586,4.956,3.285,3.272,0.6638,8.75,5.759,2.699,0.3953,8.303,6.183,3.388,0.5748,7.192,5.832,2.859,0.7338,9.321,3.64,5.116,0.5968,5.05,5.204,6.239,0.506,4.88,4.439,3.259,0.4049,7.991,6.446,5.205,0.4313,6.636,4.842,1.896,0.6353,4.125,5.632,5.391,0.3526,7.224,6.304,5.189,0.6303,7.0,5.987,5.125,0.3004,9.416,3.915,3.27,0.8186,5.104,5.263,5.908,0.7992,7.976,5.851,1.483,0.4177,6.991,2.14,5.79,0.525,8.02,3.61,3.295,0.4027,1.1863,2.3706,1.3499,0.7166,1.8505,1.2292,1.7967,0.6309,1.7253,1.5533,1.3223,1.357,1.3102,1.2509,1.1657,1.8956,1.6539,0.8633
0.523,0.1773,0.159,0.0916,0.0492,8.053,6.891,2.209,0.492,5.33,5.043,2.267,0.6638,4.919,6.087,4.527,0.2845,6.578,6.623,2.682,0.2748,8.097,4.315,2.454,0.323,5.346,7.493,3.716,0.5686,7.25,7.45,3.361,0.7544,4.764,3.485,3.978,0.8061,8.677,2.983,4.877,0.4326,7.09,6.467,3.796,0.7334,5.364,6.396,3.048,0.7675,10.385,7.65,3.478,0.3835,5.111,2.771,4.968,0.411,7.705,5.302,3.308,0.3271,8.631,3.435,4.731,0.6413,7.387,6.113,3.745,0.5921,8.415,6.946,2.674,0.7302,8.924,5.064,4.94,0.4194,5.707,6.634,2.757,0.5187,7.176,6.94,5.511,0.5175,4.425,3.557,5.269,0.4923,6.585,4.296,5.363,0.6605,6.214,6.457,4.193,0.5991,4.824,4.094,4.552,0.7855,6.57,7.039,3.424,0.5754,7.587,4.251,3.855,0.3979,4.577,3.682,3.951,0.456,5.739,5.919,3.124,0.6539,7.941,4.955,2.599,0.7311,7.965,3.966,6.332,0.5284,7.03,4.664,2.879,0.5266,7.031,6.37,3.263,0.3738,7.959,3.612,2.826,0.3983,4.144,6.981,4.414,0.4647,7.177,5.759,4.963,0.6525,4.615,3.201,3.037,0.5164,4.275,6.343,4.851,0.2974,8.022,4.768,5.936,0.5251,5.042,5.829,5.775,0.4739,4.098,6.74,2.238,0.3922,7.837,2.559,4.179,0.6097,7.873,4.648,2.272,0.6384,9.081,4.645,1.362,0.6186,7.71,2.848,4.363,0.5583,5.059,5.563,2.603,0.561,5.862,7.057,4.728,0.2785,5.213,5.658,5.04,0.375,8.374,5.796,3.092,0.669,7.633,4.441,3.313,0.6042,5.361,2.825,2.388,0.7592,3.951,3.443,4.157,0.5872,5.523,3.317,3.814,0.6663,7.755,4.149,4.152,0.4372,7.603,3.538,5.828,0.3554,6.592,3.757,4.825,0.689,5.575,3.581,3.099,0.4615,8.382,5.282,5.296,0.5489,5.479,6.049,3.096,0.5602,4.078,3.468,2.047,0.6824,4.605,3.528,3.329,0.4334,8.046,4.68,4.282,0.5303,5.831,4.267,5.005,0.2445,4.788,5.756,4.431,0.6663,8.473,3.39,2.082,0.6618,8.737,3.466,3.273,0.4625,5.272,5.543,5.327,0.3589,7.873,4.523,3.007,0.243,8.704,5.294,2.965,0.504,8.729,6.842,2.152,0.583,7.811,5.438,2.329,0.522,6.621,5.206,4.599,0.7257,8.772,6.113,3.586,0.842,8.87,4.082,3.676,0.5293,4.654,6.422,4.568,0.689,6.344,6.811,4.049,0.3557,8.768,3.869,2.115,0.5491,8.043,3.547,3.619,0.5337,6.672,5.603,3.635,0.4776,3.912,5.214,3.775,0.4767,3.774,2.683,4.727,0.5847,5.42,4.961,3.052,0.4728,4.171,3.738,6.156,0.6033,8.676,4.989,3.355,0.7641,6.354,4.171,4.476,0.5179,5.773,6.98,5.508,0.4059,4.927,4.857,4.261,0.5839,6.063,5.335,4.574,0.7191,8.793,6.854,4.829,0.2881,8.322,2.605,3.029,0.6908,8.975,7.005,3.206,0.6913,5.34,6.959,5.531,0.4376,6.204,5.054,2.485,0.3461,7.118,6.914,4.125,0.3207,4.509,5.02,3.717,0.3257,5.552,6.449,2.318,0.6009,8.871,5.405,5.773,0.5188,6.638,5.298,1.67,0.3215,7.476,4.983,3.066,0.5237,5.182,5.892,1.246,0.2925,8.118,6.17,5.063,0.5319,4.932,6.331,2.786,0.3693,8.787,6.315,2.006,0.3773,7.021,2.822,5.256,0.7502,7.407,3.345,3.504,0.5232,3.917,5.731,5.476,0.4303,6.325,5.038,4.378,0.5023,5.43,4.012,4.115,0.6672,3.934,2.903,5.293,0.5518,5.712,3.76,2.495,0.8096,8.289,4.873,2.695,0.3488,7.525,3.808,2.155,0.2577,8.09,3.06,3.759,0.5236,7.584,4.784,5.241,0.5178,6.164,6.503,4.344,0.3864,8.582,3.903,3.522,0.7819,4.606,3.457,3.855,0.3566,5.941,4.411,4.788,0.7653,5.365,5.387,4.576,0.3208,7.028,5.122,3.116,0.649,4.461,6.463,3.118,0.6875,2.4602,1.6639,1.2393,2.1666,1.4998,1.7089,1.7673,0.7135,0.5514,1.3969,1.6335,1.9311,0.5057,1.4195,0.6277,1.3777,1.9822,0.9276
0.5584,0.1702,0.1455,0.0818,0.044,8.439,9.585,2.375,0.564,8.934,6.869,2.792,0.2318,6.661,10.673,0.57,0.3687,8.037,11.378,0.388,0.1618,10.527,8.759,2.829,0.3612,7.101,6.769,0.594,0.4856,6.352,7.356,6.228,0.8318,10.433,8.811,0.1,0.0896,6.433,7.574,1.363,0.1306,7.842,7.348,3.488,0.547,6.532,2.03,2.054,0.4354,7.334,5.181,4.22,0.7427,9.621,7.367,4.044,0.3833,6.339,6.436,2.644,0.6117,7.896,4.016,4.813,0.6806,5.131,4.681,4.632,0.6259,8.204,3.727,4.675,0.6111,6.671,8.392,3.305,0.1456,8.559,8.101,0.1,0.4414,5.961,6.45,5.608,0.2806,9.847,7.209,2.651,0.3644,7.008,7.402,2.093,0.4809,4.53,4.411,5.602,0.6876,4.597,3.891,4.922,0.6429,4.342,6.761,4.377,0.4969,8.132,5.369,2.303,0.5997,6.521,10.556,0.46,0.335,9.143,4.479,3.889,0.8331,5.931,3.758,3.733,0.3936,9.127,7.042,1.369,0.2639,5.617,4.196,3.647,0.4507,11.323,8.68,1.393,0.0749,6.312,4.701,1.767,0.3958,4.329,4.048,6.221,0.5549,8.65,6.645,5.168,0.6008,4.803,5.099,3.778,0.5725,6.498,5.412,4.3,0.75,3.843,3.655,3.963,0.6656,4.772,7.504,2.235,0.5943,7.123,2.511,3.653,0.4565,3.993,5.019,3.341,0.5534,8.251,3.991,4.221,0.633,4.811,3.672,4.576,0.7372,5.966,5.765,5.258,0.5114,6.714,6.515,2.781,0.536,7.889,8.973,2.68,0.2159,8.427,7.377,3.612,0.4986,10.074,10.74,0.1,0.288,8.304,5.312,4.016,0.5281,7.069,5.196,2.119,0.7256,7.06,3.599,5.884,0.4515,6.738,3.333,3.856,0.6966,6.161,5.144,3.359,0.598,6.545,3.045,5.217,0.7685,4.171,6.188,2.323,0.4179,6.391,4.885,3.638,0.2402,8.61,6.946,2.884,0.3593,8.712,7.809,1.056,0.2566,6.468,5.646,5.702,0.365,8.193,3.168,5.365,0.7153,8.064,3.209,1.303,0.5352,6.2,10.561,0.1,0.1308,8.432,5.273,2.309,0.5236,6.913,4.693,2.371,0.4938,5.516,6.394,5.362,0.5704,7.124,3.371,3.518,0.3612,8.398,7.13,3.343,0.049,8.506,2.571,2.956,0.3509,9.527,7.84,3.02,0.3545,5.999,5.524,3.448,0.6303,8.612,3.605,2.219,0.5633,6.513,4.895,4.697,0.4884,11.111,9.811,1.576,0.1274,5.727,5.7,2.536,0.4895,8.781,3.259,3.783,0.6375,5.483,2.28,4.402,0.6127,8.466,2.805,4.283,0.5097,7.175,3.604,2.916,0.3067,6.629,4.936,3.093,0.3008,7.698,4.219,2.086,0.147,4.313,4.969,2.669,0.3866,5.899,4.933,2.331,0.6075,9.091,5.192,3.112,0.4411,5.761,4.538,4.006,0.7592,4.005,7.046,4.04,0.4195,4.455,4.242,4.517,0.5059,8.202,3.319,3.652,0.4525,9.997,9.498,2.11,0.1352,6.927,6.181,4.743,0.5594,7.958,11.278,0.1,0.2356,7.526,5.029,4.13,0.6086,6.36,5.952,4.29,0.6451,4.157,5.37,5.799,0.3937,6.086,5.077,3.794,0.7449,7.434,5.145,5.905,0.4777,6.579,3.254,4.625,0.3223,7.609,5.551,3.266,0.2674,7.294,4.307,3.335,0.5485,7.024,9.369,2.719,0.1912,5.456,3.479,2.542,0.6747,8.667,7.464,2.998,0.5926,7.938,6.481,4.259,0.6852,9.257,5.337,2.221,0.4616,5.518,4.518,3.64,0.3577,6.601,3.002,2.808,0.3697,7.686,5.035,4.739,0.2295,6.499,6.576,3.834,0.6233,6.695,5.526,4.493,0.6383,7.827,5.76,3.407,0.4796,7.44,4.587,5.142,0.4542,4.105,4.605,4.851,0.5381,8.738,3.515,5.78,0.5289,5.882,4.232,3.408,0.646,4.224,4.955,3.057,0.7158,6.342,2.985,5.103,0.4208,6.262,3.751,4.624,0.4229,7.296,5.22,4.423,0.4426,10.597,8.141,0.293,0.1582,4.56,5.815,2.008,0.8255,5.87,4.283,4.424,0.6349,3.154,2.1989,10.2753,17.51,2.6621,5.7384,1.0274,30.4247,4.7528,1.777,0.784,1.0234,1.6272,1.9179,0.718,0.8737,0.692,2.3635
0.5301,0.1839,0.136,0.0952,0.0549,6.412,8.364,0.1,0.1092,9.276,6.908,3.498,0.4047,10.633,11.604,0.489,0.3064,9.993,9.152,2.437,0.3341,10.119,11.366,0.665,0.0567,8.415,9.557,0.1,0.0813,5.168,7.795,3.12,0.8456,8.538,8.135,0.1,0.02,8.389,7.023,1.239,0.02,9.395,7.194,4.398,0.4607,7.856,3.084,6.282,0.3643,7.366,6.019,3.131,0.3273,8.726,3.966,1.696,0.6612,5.444,6.762,4.386,0.4428,8.122,4.958,3.127,0.325,5.717,5.926,4.626,0.6528,8.893,3.854,1.936,0.5925,5.958,6.916,0.1,0.1249,7.246,11.762,1.86,0.3895,5.599,4.405,5.263,0.7315,5.849,4.337,2.739,0.2316,7.312,10.89,1.707,0.0814,6.013,5.385,2.366,0.6762,7.859,4.922,4.592,0.5464,6.101,3.071,3.463,0.758,7.113,3.458,2.317,0.7344,11.488,12.315,0.1,0.0575,4.497,6.603,2.058,0.3223,5.168,4.56,4.027,0.5373,8.093,5.361,3.087,0.4997,6.797,4.026,4.039,0.4298,10.685,11.385,1.622,0.0932,8.967,2.975,2.384,0.5379,5.409,5.692,6.05,0.6305,4.903,3.362,3.732,0.4819,4.259,2.859,5.842,0.737,5.884,5.727,2.059,0.4836,7.436,5.566,3.564,0.7095,9.258,3.523,4.792,0.5236,7.102,6.725,2.359,0.5043,7.405,4.887,3.066,0.6522,5.287,3.383,4.932,0.3496,5.642,6.057,3.922,0.4203,5.678,5.056,2.717,0.3504,5.161,2.969,1.613,0.4924,9.469,10.083,0.1,0.2244,7.294,4.922,2.088,0.464,9.866,8.196,0.984,0.3822,7.0,2.808,3.886,0.4735,7.545,7.183,5.789,0.3295,8.301,4.507,6.209,0.4038,7.687,4.803,2.452,0.4028,6.426,3.769,2.047,0.5145,3.933,2.896,4.215,0.7583,8.377,5.445,4.841,0.2736,5.771,3.006,1.457,0.3013,5.612,2.51,4.605,0.5149,9.013,8.019,1.454,0.1609,8.942,6.533,4.284,0.6586,6.516,6.889,3.557,0.5401,7.296,7.503,4.524,0.5956,6.653,11.049,0.761,0.1543,5.159,5.301,2.438,0.4785,7.237,4.91,2.607,0.4402,6.123,2.466,3.055,0.5479,8.602,3.151,4.027,0.7562,7.417,12.182,1.785,0.4436,8.004,5.31,5.744,0.5268,6.54,5.257,5.529,0.3636,4.502,4.968,2.932,0.4005,6.828,2.31,5.46,0.7761,5.635,3.618,3.014,0.6994,11.15,7.811,1.97,0.3885,4.789,5.367,3.445,0.7978,7.362,7.036,2.876,0.4492,5.316,6.815,4.863,0.3392,8.11,5.767,5.206,0.3261,4.238,4.672,5.535,0.3218,5.818,3.817,5.627,0.3532,8.202,6.681,4.023,0.3714,6.106,3.087,3.911,0.6115,7.249,7.031,1.823,0.5624,8.8,4.796,5.193,0.6594,6.657,5.903,2.979,0.4309,7.264,2.916,4.462,0.7156,8.368,4.96,3.954,0.6993,6.01,3.642,2.928,0.6895,7.001,8.292,1.985,0.4942,8.781,5.58,4.034,0.612,9.181,10.29,0.232,0.3273,5.029,4.142,3.567,0.6835,8.559,6.568,1.967,0.4451,7.744,3.566,4.908,0.6592,5.711,5.065,4.496,0.6454,5.286,3.753,2.854,0.754,6.755,4.05,3.743,0.6086,6.679,2.811,3.826,0.5483,7.02,6.076,3.377,0.712,6.983,7.761,1.586,0.1663,3.998,3.754,2.756,0.5017,8.219,7.639,3.558,0.4403,4.919,3.684,4.273,0.6969,5.479,5.851,3.917,0.7586,6.825,3.819,4.815,0.4723,4.772,4.355,2.477,0.3527,9.503,4.723,1.84,0.2686,5.307,5.389,3.197,0.228,4.491,6.618,5.299,0.415,7.557,5.033,5.515,0.343,5.058,3.611,3.273,0.5492,5.974,3.715,5.283,0.3205,7.487,3.409,4.363,0.7369,7.461,3.42,3.152,0.5925,7.397,2.023,3.524,0.4714,7.323,5.065,3.732,0.5353,6.204,4.067,3.256,0.4722,4.243,4.586,4.208,0.7837,10.907,8.026,1.531,0.5199,7.491,4.46,2.531,0.502,7.834,6.887,5.044,0.3405,27.0505,1.7258,12.9596,3.1876,13.8323,33.9744,1.9173,36.9773,5.1678,1.4508,0.4571,1.6915,1.614,1.3719,1.3958,1.1017,1.4662,21.2865
0.5453,0.1756,0.1471,0.0912,0.0408,7.341,10.27,0.397,0.108,8.524,4.431,1.857,0.3276,9.357,7.739,2.53,0.2579,10.275,10.368,1.321,0.4017,10.044,9.412,0.939,0.3111,9.783,10.045,0.1,0.1009,8.47,6.705,5.198,0.3774,7.251,9.129,3.848,0.0465,10.041,5.42,2.026,0.1231,9.789,5.208,4.477,0.5999,8.287,4.605,2.467,0.3529,7.834,5.726,5.178,0.7057,7.937,2.774,4.352,0.374,6.802,4.876,3.559,0.3464,6.159,4.041,3.896,0.4319,4.945,3.927,1.932,0.2544,6.605,4.963,2.803,0.4589,10.297,7.312,3.057,0.02,8.184,11.759,0.1,0.303,6.616,6.403,3.657,0.2918,5.549,7.278,4.374,0.5417,9.169,7.408,0.1,0.432,7.81,5.848,4.723,0.5799,7.648,3.626,3.15,0.4986,7.237,5.165,4.921,0.4189,7.952,2.939,3.356,0.3804,9.384,10.425,0.471,0.2831,8.326,4.741,6.075,0.5136,5.929,5.931,3.603,0.5754,6.253,6.986,3.288,0.5221,6.14,4.56,3.984,0.433,9.048,11.579,1.27,0.4517,4.962,3.663,3.037,0.4106,7.18,4.35,2.579,0.6345,7.968,5.909,2.121,0.7868,8.654,6.185,3.919,0.803,4.366,5.005,4.799,0.683,5.624,5.178,6.371,0.7425,9.304,4.869,5.363,0.4464,5.72,2.259,2.777,0.5917,7.895,4.3,5.591,0.5384,7.145,3.274,2.986,0.7052,4.44,4.887,4.176,0.642,5.368,3.783,3.24,0.5135,5.403,3.761,3.933,0.3154,7.209,11.105,1.914,0.365,7.037,5.456,3.627,0.7145,9.236,10.568,0.1,0.1449,5.463,6.122,3.09,0.5426,8.661,5.088,3.382,0.415,7.511,4.175,5.222,0.6368,6.552,6.408,5.317,0.363,4.889,2.916,5.091,0.7262,8.84,5.37,2.938,0.4651,7.115,6.258,2.45,0.3644,6.17,3.312,2.213,0.4846,6.149,6.54,6.425,0.3818,5.919,10.263,0.1,0.2948,6.501,3.743,4.268,0.3754,4.008,5.434,3.068,0.6522,7.151,7.314,4.802,0.3586,7.782,10.805,0.1,0.1817,4.711,3.279,3.874,0.5164,6.466,2.952,2.335,0.7444,6.002,5.986,2.062,0.6689,6.113,4.485,4.946,0.7751,10.284,11.44,0.781,0.0566,4.765,5.579,3.831,0.5511,7.983,5.389,5.16,0.3469,5.077,5.228,4.573,0.3326,7.124,5.066,3.628,0.4394,6.38,6.453,2.555,0.7836,9.263,9.93,1.914,0.0359,5.889,3.994,2.274,0.4284,8.594,3.336,4.112,0.6569,6.507,4.203,3.659,0.596,4.93,3.152,1.925,0.4611,6.425,2.996,2.682,0.7025,7.562,4.349,2.317,0.6678,5.76,4.037,3.154,0.2172,7.74,6.429,4.291,0.4175,4.44,6.957,5.51,0.634,3.89,4.539,4.458,0.4498,7.35,2.963,4.557,0.4425,6.359,4.277,2.729,0.5857,5.295,3.826,2.186,0.4505,5.01,5.129,5.003,0.6086,10.338,9.353,1.309,0.2696,5.127,5.439,3.034,0.405,8.084,8.599,1.847,0.5339,7.162,3.711,5.163,0.594,7.677,3.442,2.486,0.2481,8.38,3.21,2.904,0.5095,7.406,5.773,3.975,0.6346,3.869,2.848,5.755,0.6672,4.408,3.564,4.818,0.3452,5.762,2.656,5.438,0.4434,4.958,3.33,6.594,0.5002,10.151,11.571,0.1,0.4814,6.197,4.455,6.378,0.5626,9.182,5.544,4.236,0.2381,5.327,4.497,4.832,0.749,7.28,4.719,5.185,0.6481,8.133,6.159,4.598,0.65,7.266,5.517,3.231,0.6086,7.379,4.588,5.308,0.395,9.798,4.701,4.241,0.2978,5.904,5.729,5.957,0.2949,6.79,4.22,2.631,0.7488,4.362,4.26,2.539,0.6865,5.092,5.622,2.109,0.2449,7.352,4.361,5.84,0.3065,6.382,6.572,1.982,0.6186,6.637,5.534,2.694,0.4203,5.998,6.002,2.659,0.317,8.175,5.187,4.194,0.5572,3.904,4.101,2.546,0.4858,8.273,9.024,0.1,0.2824,5.808,3.477,3.75,0.69,6.348,5.192,4.356,0.5578,16.9752,1.9395,2.6798,5.6883,6.9713,33.3832,1.1814,2.2854,2.4099,1.006,1.5771,0.9569,0.5748,1.2174,0.9126,1.7175,1.4762,2.3015
0.5389,0.1819,0.1382,0.1012,0.0398,10.451,12.011,0.817,0.2473,6.296,2.891,4.557,0.4112,10.903,11.234,2.246,0.2347,10.197,9.828,2.211,0.0765,10.319,11.627,0.1,0.2863,7.017,11.795,0.1,0.4417,6.76,7.779,4.029,0.6472,9.347,6.561,0.1,0.1992,8.127,7.377,2.894,0.1441,6.287,4.855,5.274,0.7309,5.286,6.897,3.115,0.4143,8.293,6.965,4.843,0.3572,6.152,4.316,2.245,0.3144,8.587,4.339,2.257,0.6369,5.884,4.235,3.197,0.3405,5.924,3.63,3.71,0.2339,9.217,5.132,4.607,0.4801,5.974,6.081,2.531,0.1773,9.118,10.339,1.957,0.4359,4.697,3.629,2.306,0.6895,9.324,5.684,3.752,0.3881,8.52,9.467,0.349,0.2937,4.644,6.28,3.008,0.5887,5.858,5.401,4.082,0.6863,5.568,2.688,5.339,0.4387,4.853,4.703,2.872,0.4276,7.386,7.553,1.349,0.5439,8.015,5.116,3.803,0.5869,8.254,3.25,3.473,0.5513,7.937,6.29,2.637,0.5524,5.822,3.656,5.877,0.3731,9.636,11.748,0.1,0.3746,6.115,3.881,4.502,0.4773,7.607,3.516,4.43,0.5806,4.429,5.893,2.447,0.5559,8.392,6.678,5.366,0.3567,5.583,6.83,2.581,0.8819,4.945,5.231,2.748,0.5132,9.027,6.575,3.514,0.2494,5.697,4.138,5.602,0.3745,7.111,4.569,5.51,0.5733,7.823,4.385,2.552,0.7054,8.845,6.679,5.85,0.2345,7.066,4.141,5.219,0.5505,6.211,6.42,5.013,0.6839,12.291,11.568,2.104,0.4965,8.267,5.509,3.77,0.4177,8.282,12.246,0.1,0.1718,8.115,3.835,3.108,0.7375,7.181,3.141,3.651,0.6371,7.519,2.241,6.273,0.4785,6.272,3.478,4.179,0.5452,8.769,4.303,4.374,0.4864,6.011,2.598,3.767,0.4769,5.922,6.211,4.217,0.5583,6.72,4.381,1.739,0.4473,5.284,2.899,5.055,0.2732,6.862,8.255,0.1,0.3796,4.535,2.478,1.649,0.5812,5.895,5.895,3.694,0.3295,7.491,6.495,3.665,0.5623,8.984,9.221,1.348,0.3192,4.959,5.237,4.002,0.3598,5.968,6.432,5.895,0.3735,6.767,6.117,4.276,0.3709,6.003,6.922,4.578,0.6046,11.188,12.209,2.263,0.1229,6.795,4.913,3.4,0.3179,8.189,5.542,2.19,0.6174,6.304,3.612,3.01,0.5843,8.15,5.991,5.125,0.5043,6.394,6.361,5.745,0.3069,10.861,11.873,1.804,0.5062,7.689,3.655,3.717,0.515,5.483,5.128,5.676,0.5501,6.039,4.719,5.391,0.6177,4.526,6.164,3.586,0.5698,4.487,2.695,5.026,0.6647,8.632,3.062,5.171,0.4826,5.798,7.498,1.875,0.6085,6.835,3.62,6.541,0.3673,4.853,4.661,3.165,0.7071,7.985,5.569,3.159,0.5414,8.489,5.7,3.98,0.4791,4.066,3.673,5.408,0.4229,8.737,5.158,1.77,0.5302,7.198,3.336,5.491,0.4402,7.84,10.542,1.044,0.4182,8.654,5.359,2.311,0.2883,10.663,10.607,0.1,0.1458,5.082,3.07,3.283,0.475,8.096,2.649,6.153,0.7695,7.161,5.652,5.312,0.3665,7.638,3.187,3.581,0.5473,7.786,5.557,4.849,0.4677,9.24,5.063,5.888,0.622,5.458,2.878,5.855,0.5363,7.3,3.133,5.079,0.7622,8.53,8.407,0.566,0.0889,6.945,4.581,2.845,0.7592,9.691,5.554,1.591,0.379,5.868,5.713,2.197,0.7153,5.955,5.299,4.133,0.5952,5.676,6.463,3.659,0.2985,5.566,5.586,4.892,0.3918,8.24,6.826,3.501,0.3967,8.117,4.683,2.468,0.3721,4.581,6.975,5.302,0.5355,6.528,4.61,3.968,0.7817,5.392,4.51,5.998,0.42,8.023,4.631,3.866,0.6071,5.47,3.052,2.488,0.7489,7.013,7.376,3.024,0.7188,3.991,4.721,4.074,0.4535,5.978,4.699,4.77,0.8024,7.633,3.947,5.47,0.66,6.643,6.435,2.104,0.4594,8.199,11.725,1.585,0.3811,7.695,2.417,3.872,0.4358,8.727,2.622,4.354,0.6871,10.3161,0.5704,4.3531,4.1164,23.9091,18.3809,1.6287,16.4354,2.3508,0.7953,1.9004,1.3141,1.6229,1.4493,1.1643,0.8976,0.9894,2.1654
0.5338,0.1921,0.1442,0.0991,0.0308,8.333,7.714,1.708,0.5997,6.951,7.28,3.726,0.4181,7.676,10.625,2.139,0.4635,7.0,11.255,1.144,0.2593,10.568,11.968,0.776,0.4184,9.523,7.193,1.197,0.4876,6.831,5.369,4.991,0.6357,10.872,8.554,4.211,0.0784,9.96,5.514,2.416,0.1377,6.119,7.18,5.042,0.4488,7.071,2.835,2.863,0.5573,8.071,7.064,6.532,0.6293,8.237,5.601,2.134,0.3291,6.234,5.675,4.91,0.3285,9.401,6.344,2.306,0.2452,5.352,6.672,2.824,0.3983,6.73,6.972,4.99,0.4522,8.762,6.303,2.77,0.0335,8.43,8.106,2.175,0.1386,6.295,4.29,5.5,0.5653,9.717,2.977,2.777,0.678,8.445,10.49,2.227,0.3985,4.27,3.487,3.319,0.4091,5.532,6.625,1.448,0.7677,6.166,4.985,4.84,0.3363,4.774,4.579,2.566,0.4486,11.713,11.12,1.727,0.3624,7.095,3.372,1.63,0.7426,7.009,3.416,2.246,0.7137,8.773,4.668,5.205,0.6679,4.377,3.773,4.459,0.7568,9.004,10.663,0.548,0.2016,5.942,6.167,3.744,0.6588,6.773,4.62,5.351,0.5215,4.84,5.687,4.214,0.6493,7.141,3.514,3.729,0.6895,7.036,4.558,3.552,0.3525,5.222,7.223,3.586,0.7298,6.612,3.206,4.131,0.2128,6.338,5.972,4.322,0.4878,6.305,4.594,5.312,0.7393,7.194,2.561,3.33,0.8168,8.248,3.945,1.968,0.5723,8.522,3.289,2.689,0.8158,7.213,4.241,4.689,0.5539,8.813,9.113,0.338,0.4176,8.188,5.179,3.512,0.2406,8.645,9.722,1.908,0.4898,6.952,5.922,3.963,0.6874,8.013,5.622,1.853,0.3905,7.677,4.479,5.169,0.9473,7.602,5.406,2.167,0.7182,7.774,5.217,5.992,0.4285,7.386,6.292,5.622,0.384,6.027,5.854,3.05,0.269,7.251,3.596,2.41,0.6018,8.254,3.257,3.414,0.7102,7.47,10.848,1.596,0.3149,7.849,4.471,2.993,0.3883,8.363,4.323,2.6,0.2873,9.405,3.254,4.378,0.3568,6.927,7.376,0.1,0.4594,8.506,6.158,5.082,0.446,6.819,6.656,5.562,0.5064,5.752,2.352,5.301,0.5011,9.039,4.36,3.391,0.7679,10.316,10.384,0.1,0.2047,6.723,4.908,2.392,0.3543,8.381,4.949,4.149,0.3394,5.76,4.295,5.705,0.7131,7.036,7.09,6.075,0.5017,5.795,3.108,3.864,0.3087,10.931,9.29,0.954,0.3252,4.649,4.899,2.446,0.4881,7.735,5.17,2.995,0.4647,7.937,6.23,2.873,0.5773,4.591,4.641,3.217,0.5046,4.958,7.281,3.267,0.3165,7.169,5.22,5.472,0.6772,4.927,7.483,2.28,0.4057,5.951,3.399,3.281,0.4673,6.356,5.215,2.818,0.647,8.625,6.163,2.99,0.4944,8.835,4.84,2.441,0.6315,7.432,6.748,2.542,0.7667,5.141,4.983,3.483,0.6979,7.089,7.278,3.721,0.5423,10.687,9.525,0.1,0.1582,6.208,5.609,1.679,0.2544,11.142,10.925,0.1,0.1132,6.638,4.048,2.178,0.7768,5.28,2.934,5.797,0.4791,6.453,3.008,2.479,0.4602,6.361,2.757,2.814,0.4346,6.495,6.74,3.231,0.4226,9.081,4.66,5.91,0.7926,5.783,6.339,2.469,0.3894,6.041,2.744,6.213,0.5872,6.605,9.389,0.1,0.2689,8.519,3.066,2.572,0.8243,4.759,4.161,4.702,0.4636,9.271,6.698,3.463,0.7167,8.25,3.617,2.355,0.498,4.449,5.878,3.672,0.5718,6.456,6.502,4.52,0.44,5.355,6.236,3.567,0.6433,6.172,6.373,4.495,0.5477,6.762,6.96,5.232,0.5156,8.612,6.053,3.212,0.5277,8.554,3.487,4.633,0.2914,5.106,3.434,3.509,0.5453,5.353,2.977,5.261,0.6231,8.221,4.772,2.699,0.707,5.065,3.729,3.529,0.4382,7.727,6.723,4.713,0.4671,9.063,5.234,3.57,0.6556,6.792,2.989,5.484,0.5965,9.568,7.407,0.1,0.0881,7.353,5.127,2.963,0.2919,6.775,5.265,3.02,0.4853,3.2039,1.7153,3.9315,7.4869,9.246,4.0306,0.9375,1.9488,2.0779,1.2843,0.8053,0.9728,2.1852,1.063,2.3929,2.0082,1.258,2.1708
0.5638,0.1587,0.1294,0.0979,0.0502,9.781,9.813,0.1,0.192,8.917,5.913,3.577,0.4828,8.614,11.299,0.1,0.213,9.982,7.947,0.1,0.4663,9.126,11.126,2.541,0.3841,8.807,7.709,0.1,0.1499,5.636,6.192,3.477,0.6738,10.702,5.593,0.257,0.3736,9.26,8.838,2.449,0.4161,9.423,8.374,4.014,0.7234,5.465,5.614,2.913,0.7356,7.849,6.901,4.16,0.6119,6.263,3.46,1.17,0.4113,9.377,5.274,3.504,0.2819,8.112,7.57,2.332,0.4967,6.302,6.292,2.057,0.4252,8.838,6.321,1.885,0.6704,6.417,5.835,1.81,0.3016,10.193,9.218,1.902,0.1542,5.452,5.039,3.303,0.6976,6.523,5.876,1.391,0.4815,11.065,7.552,0.373,0.297,7.448,3.693,4.493,0.5203,6.317,6.953,3.083,0.6473,6.066,4.949,1.883,0.599,5.25,7.101,2.715,0.3366,9.142,11.696,0.447,0.1704,6.412,3.823,4.577,0.8175,5.923,3.379,2.844,0.7038,5.001,5.294,5.337,0.5786,4.455,3.356,3.658,0.5518,8.409,8.569,0.1,0.3636,5.156,5.333,3.278,0.4265,3.9,5.516,3.324,0.5479,5.216,2.908,6.088,0.6454,3.941,3.587,5.057,0.4911,5.96,4.647,6.075,0.5524,5.84,2.417,4.23,0.3126,6.032,3.99,3.905,0.5315,5.473,4.07,2.391,0.6483,5.359,3.902,4.908,0.619,6.849,6.248,3.212,0.675,4.277,5.131,2.593,0.7449,5.782,2.737,4.012,0.5174,5.538,3.546,4.677,0.8371,9.369,7.213,0.1,0.4185,7.79,4.961,2.949,0.6303,6.697,8.622,0.131,0.535,8.056,6.351,2.851,0.4874,8.312,4.798,2.326,0.2961,7.786,4.09,5.353,0.5769,4.822,5.366,5.128,0.4818,4.935,6.063,2.524,0.6098,7.004,4.843,3.438,0.6839,4.532,4.268,5.26,0.4105,8.556,5.054,2.405,0.4363,6.343,5.413,4.62,0.5714,11.155,11.396,0.1,0.3146,8.061,3.175,5.333,0.489,7.056,3.349,2.478,0.3093,5.254,7.477,4.884,0.532,7.883,10.171,0.1,0.1915,7.62,5.435,4.119,0.5658,5.915,2.492,2.427,0.4295,7.941,4.016,3.714,0.3992,7.205,5.06,5.389,0.4658,8.611,9.514,0.819,0.1404,8.476,3.213,2.589,0.534,6.235,6.608,5.634,0.3518,4.104,5.831,2.147,0.6275,7.027,3.742,4.346,0.4695,6.79,3.211,4.387,0.3443,6.704,8.801,0.1,0.2127,7.525,6.5,3.177,0.4865,4.209,4.552,3.409,0.7623,6.435,4.681,2.634,0.6553,8.568,5.186,3.701,0.5113,8.026,5.391,5.695,0.565,4.671,5.889,5.142,0.5512,5.924,7.41,4.583,0.5398,5.044,5.286,5.66,0.7676,7.595,4.986,5.699,0.8039,6.494,6.621,2.602,0.4331,6.647,5.744,5.577,0.4751,7.239,4.715,1.981,0.4206,5.511,4.624,2.968,0.7843,5.356,4.62,4.7,0.7267,10.274,10.237,0.1,0.3266,7.305,3.472,4.982,0.3768,7.166,9.348,2.554,0.3654,7.537,5.948,2.023,0.8232,9.075,5.7,5.304,0.7558,5.423,4.469,4.056,0.4762,8.049,4.778,4.243,0.796,6.041,6.488,4.356,0.8664,3.849,6.008,3.084,0.7069,6.682,5.749,4.168,0.7686,6.416,6.438,5.095,0.7949,7.187,9.466,1.338,0.1573,4.477,6.458,5.562,0.3746,5.866,4.397,4.454,0.542,5.908,2.991,3.917,0.593,4.699,5.484,2.701,0.3556,5.631,5.204,2.491,0.5478,4.988,3.238,4.67,0.8071,4.268,2.169,3.722,0.5119,5.326,4.205,1.728,0.459,6.483,4.486,4.859,0.3827,6.359,2.509,2.052,0.379,8.456,6.737,6.345,0.7984,9.271,7.126,4.038,0.5251,8.732,5.586,5.232,0.3558,9.67,3.362,3.11,0.3034,8.165,5.215,6.072,0.6134,5.722,2.993,3.376,0.7638,4.169,4.902,3.649,0.6371,5.534,2.703,3.742,0.2693,10.247,10.053,2.382,0.0528,6.756,6.227,3.392,0.5912,3.761,5.074,2.999,0.516,25.0332,1.4215,27.3584,11.9271,3.6779,22.032,1.4567,7.6554,2.9807,1.7311,1.4976,1.4165,2.0579,1.3572,2.5848,2.4367,2.3804,2.6384
0.5497,0.163,0.1261,0.1116,0.0497,5.493,6.333,4.937,0.4875,8.045,4.692,3.299,0.3614,7.513,7.317,2.389,0.5232,5.981,5.248,4.614,0.3219,8.733,7.868,2.314,0.4317,8.034,6.221,2.64,0.5359,5.875,6.881,5.429,0.3667,7.39,6.769,2.535,0.0486,7.06,5.526,2.479,0.1626,8.462,3.234,3.253,0.7958,4.372,4.98,2.48,0.3397,6.653,3.148,3.34,0.8449,7.368,6.586,4.285,0.1902,9.019,7.596,4.128,0.2328,10.29,5.151,2.909,0.292,8.005,5.372,3.908,0.53,8.856,7.832,1.567,0.4647,9.704,5.256,0.198,0.4493,7.968,5.843,4.498,0.311,5.868,4.415,2.645,0.3624,5.98,6.646,1.194,0.4388,7.114,8.046,1.743,0.3902,4.406,3.871,4.975,0.4166,8.245,3.513,5.099,0.5424,5.427,4.406,3.31,0.3722,5.483,4.466,1.884,0.7427,5.394,5.366,3.984,0.6478,7.508,5.036,3.989,0.7839,5.141,6.022,3.656,0.365,7.499,6.206,2.918,0.3018,8.232,3.909,2.653,0.739,7.421,8.036,3.777,0.2917,4.457,6.518,2.45,0.3359,6.985,3.498,4.729,0.7573,4.737,4.662,4.117,0.4011,4.924,4.61,4.972,0.3542,5.307,6.28,3.629,0.5772,8.678,5.923,4.39,0.6937,8.387,6.841,3.663,0.425,5.874,2.485,4.313,0.5443,4.194,5.888,3.582,0.5983,5.786,5.917,5.73,0.3773,5.92,7.178,5.417,0.7334,8.478,3.938,4.853,0.5063,4.386,5.721,4.823,0.6767,5.643,8.253,4.25,0.4387,6.698,6.355,3.748,0.2141,6.013,7.887,5.083,0.7142,5.195,6.697,5.261,0.6465,4.626,5.804,4.886,0.3097,3.554,2.228,5.759,0.646,6.4,2.49,5.905,0.7536,5.136,5.137,5.321,0.6785,7.071,5.766,4.52,0.8268,4.087,6.049,4.367,0.4447,10.07,8.566,3.07,0.5274,5.016,3.912,2.13,0.6687,6.877,7.079,1.327,0.3238,3.803,2.78,3.636,0.5152,8.195,4.045,4.98,0.3538,6.009,7.075,2.603,0.3384,8.885,3.661,4.506,0.4684,8.04,5.963,4.255,0.7587,5.473,5.403,5.303,0.5535,8.345,4.602,3.731,0.6368,4.273,3.272,4.975,0.6859,8.403,6.351,1.546,0.7328,8.605,4.99,3.378,0.7705,9.828,6.07,3.788,0.4456,4.167,3.084,2.911,0.581,4.991,5.409,4.974,0.4879,8.329,2.714,3.777,0.6341,6.11,4.624,3.494,0.7511,8.571,5.984,2.727,0.5805,5.664,6.63,3.408,0.2544,5.939,5.621,3.682,0.7508,4.483,5.374,4.171,0.6959,9.806,6.015,5.908,0.4395,5.261,4.471,2.488,0.5856,9.519,7.673,1.943,0.3882,3.8,2.439,2.543,0.6757,6.579,3.4,5.752,0.5466,6.554,6.213,5.337,0.7912,4.394,4.43,6.247,0.3589,6.544,3.162,5.038,0.8513,5.304,2.183,3.611,0.7978,9.469,5.328,5.885,0.6898,5.971,5.98,2.242,0.5931,7.429,5.464,0.988,0.6179,6.092,6.866,3.923,0.5374,5.653,5.722,3.117,0.3809,7.829,5.343,4.239,0.5262,4.632,5.533,5.291,0.5457,4.183,2.981,2.138,0.5787,6.901,2.15,4.93,0.8559,5.343,3.161,2.675,0.6804,8.036,3.827,4.293,0.5413,5.735,3.706,7.02,0.8561,9.654,7.85,1.451,0.2493,6.214,6.437,6.596,0.5721,6.609,3.639,1.291,0.1343,4.258,6.588,5.435,0.7076,9.514,3.065,5.554,0.5302,8.925,3.151,2.714,0.5372,5.316,6.77,1.662,0.7003,5.69,3.799,2.8,0.4309,8.941,6.856,3.48,0.3173,5.397,6.17,2.225,0.4086,7.458,3.169,4.199,0.3047,5.068,3.913,2.619,0.4722,7.481,3.085,2.136,0.7478,8.448,4.112,3.169,0.4519,10.799,5.463,2.543,0.205,4.358,1.876,5.141,0.6363,5.629,6.63,5.71,0.787,7.841,7.13,5.357,0.7697,8.141,5.797,4.906,0.463,8.794,7.437,4.207,0.4445,4.175,5.773,2.175,0.3251,4.658,3.213,3.846,0.7216,1.1463,1.2477,2.4291,1.0421,2.7649,1.899,1.1671,2.5224,2.0156,0.7795,1.7057,0.7347,1.4395,1.7028,1.5604,1.1838,3.6741,7.0333
0.5414,0.1782,0.1193,0.1079,0.0531,9.547,10.293,0.527,0.5865,9.578,6.525,1.596,0.3808,7.406,7.528,1.66,0.2014,8.297,7.95,3.596,0.5876,7.482,6.894,0.1,0.4728,10.283,8.706,0.818,0.5813,9.639,4.696,3.505,0.4157,8.419,5.886,2.771,0.02,6.05,8.862,1.479,0.2358,9.605,3.717,5.014,0.3906,6.963,6.29,5.023,0.3001,7.193,7.519,4.313,0.7224,7.6,7.267,2.918,0.3595,6.161,7.564,2.222,0.2449,6.706,6.19,3.51,0.3979,10.208,4.83,2.659,0.3573,9.549,5.69,1.388,0.6116,10.609,8.192,2.983,0.02,6.162,7.594,1.509,0.5125,8.85,6.123,4.493,0.5116,9.355,7.455,3.66,0.4138,9.725,8.093,3.527,0.2607,5.004,4.222,5.823,0.4811,4.896,6.938,4.941,0.3628,6.308,5.882,4.938,0.5871,5.154,6.539,3.809,0.7397,9.018,8.133,3.003,0.507,7.386,3.333,4.144,0.2745,8.199,3.417,5.188,0.4285,5.302,6.538,1.701,0.5114,4.693,6.012,4.255,0.3766,9.31,10.332,0.452,0.4185,6.384,3.517,2.324,0.428,3.949,5.503,6.591,0.5222,5.525,6.631,5.548,0.6683,4.374,2.691,5.936,0.7501,5.805,3.047,3.773,0.4722,7.211,4.7,5.105,0.5424,9.576,3.119,2.645,0.6255,6.566,6.151,4.517,0.5167,7.846,6.064,4.56,0.2863,7.239,3.073,4.82,0.4643,8.255,4.397,6.034,0.3691,5.488,4.594,3.232,0.2477,4.583,5.198,5.182,0.6185,7.783,9.111,1.294,0.3239,6.954,4.907,3.364,0.5326,7.798,9.232,2.708,0.544,7.065,5.206,5.701,0.4785,3.756,5.438,3.117,0.3093,6.686,5.3,5.564,0.4204,6.415,4.55,5.29,0.5159,7.579,2.772,2.473,0.5325,8.008,4.48,4.527,0.3286,7.497,4.031,2.988,0.6941,9.922,7.686,2.968,0.3817,5.97,3.009,3.887,0.6226,9.38,7.909,0.244,0.1336,5.832,4.554,2.779,0.7052,8.336,5.333,3.48,0.5179,8.772,5.499,2.704,0.4013,7.27,8.789,3.036,0.2579,7.326,5.64,5.848,0.7472,7.254,2.799,2.326,0.7052,4.477,4.189,3.207,0.4252,7.853,5.079,4.739,0.4044,10.676,6.864,2.442,0.4011,8.38,3.504,4.295,0.7699,8.573,4.207,2.809,0.3084,8.051,4.845,4.879,0.3684,4.406,3.013,3.125,0.2968,3.93,6.626,4.577,0.2809,8.275,7.29,0.1,0.2375,6.522,4.531,4.174,0.6231,4.51,4.65,2.75,0.3257,4.914,6.238,5.394,0.8297,4.471,4.406,4.781,0.3916,5.382,3.422,6.11,0.7901,9.028,5.508,3.679,0.5902,8.532,4.198,2.935,0.3022,6.59,3.45,2.47,0.3428,4.203,6.232,3.283,0.7021,4.294,3.032,2.466,0.7595,6.487,3.35,3.966,0.7567,6.64,6.382,4.851,0.4364,4.778,4.81,3.948,0.7023,4.212,4.764,4.466,0.7199,10.848,10.17,3.767,0.1445,7.177,4.531,2.559,0.395,10.86,6.361,0.261,0.5417,7.963,5.227,6.11,0.738,7.846,4.91,3.459,0.642,4.164,2.91,3.666,0.4657,7.841,3.399,6.115,0.8108,7.543,5.142,6.838,0.6594,7.384,6.515,3.337,0.5653,4.083,5.366,5.953,0.6937,5.793,5.31,6.457,0.4971,6.727,10.38,1.787,0.221,8.249,2.517,2.622,0.5067,4.904,6.892,4.82,0.3218,8.532,4.427,5.276,0.5854,4.206,3.11,1.958,0.706,7.462,5.69,4.19,0.3416,4.584,6.708,3.222,0.2408,7.818,2.864,5.345,0.5019,9.007,6.143,1.457,0.5173,5.936,5.534,4.04,0.7596,5.639,4.877,3.524,0.4675,7.107,4.803,2.294,0.7442,7.641,4.135,1.942,0.7901,6.025,4.019,2.825,0.5192,7.34,7.51,1.035,0.5033,4.814,5.612,5.729,0.9381,4.559,4.807,2.451,0.6198,5.18,5.356,4.824,0.637,6.838,4.312,2.649,0.627,5.67,6.437,3.247,0.6301,8.016,5.68,3.61,0.5481,7.398,3.926,2.382,0.376,8.4821,3.1419,3.8381,1.8559,10.2467,5.8067,1.168,2.036,4.8832,0.6753,1.1599,1.4642,2.1516,2.9467,1.5444,1.5499,2.71,2.64
0.5366,0.1695,0.1373,0.1149,0.0417,9.022,9.649,0.4,0.2912,8.975,5.678,2.388,0.1843,7.364,5.563,3.094,0.3854,9.599,9.769,3.687,0.6248,6.618,6.599,0.762,0.4344,8.546,9.281,1.184,0.2621,8.725,7.526,4.437,0.4573,7.992,6.573,0.1,0.1695,7.714,6.231,2.756,0.2406,8.932,4.898,3.891,0.8359,8.278,3.851,2.848,0.6596,8.602,7.303,5.423,0.6083,7.406,8.005,3.646,0.3213,7.996,7.509,2.273,0.2725,6.347,6.503,1.841,0.3222,6.96,6.742,4.215,0.4018,8.621,4.336,4.482,0.6047,7.822,9.613,0.1,0.02,10.123,6.359,2.559,0.4458,7.562,5.23,3.695,0.3726,5.109,6.07,3.474,0.1457,6.539,9.066,0.1,0.5846,5.616,5.952,4.43,0.7081,7.493,4.164,3.782,0.4878,8.614,5.369,2.079,0.3265,6.245,6.423,5.245,0.6504,5.516,6.468,1.074,0.4403,4.011,3.717,5.661,0.778,9.016,3.431,4.371,0.3632,6.916,4.778,4.816,0.5123,5.183,4.142,5.204,0.3864,7.491,7.472,0.311,0.2199,7.379,4.27,4.835,0.6243,4.318,3.062,5.274,0.5689,3.998,6.323,4.26,0.7581,8.995,4.432,3.655,0.3011,6.369,3.239,4.734,0.4099,6.131,2.62,4.047,0.3591,5.268,6.87,4.485,0.5653,6.575,3.97,5.64,0.4065,4.77,5.946,3.397,0.4921,6.208,5.498,5.409,0.2897,4.8,3.274,2.394,0.7974,4.759,6.639,3.721,0.4448,8.724,3.45,3.952,0.2915,7.334,9.595,0.1,0.3323,9.54,5.447,1.985,0.3731,9.211,7.748,2.853,0.5932,7.893,5.945,3.732,0.5829,5.811,4.79,3.371,0.5969,3.039,5.856,5.369,0.792,4.932,5.575,6.136,0.7917,6.366,5.443,3.607,0.7832,7.539,5.808,5.164,0.3036,5.649,2.789,3.349,0.4953,9.0,4.564,2.792,0.5042,8.676,5.026,2.691,0.6461,10.047,8.16,1.669,0.2196,4.834,5.739,5.199,0.7041,7.976,4.076,5.929,0.5119,8.788,3.901,1.794,0.1865,10.134,9.586,0.475,0.2532,8.672,6.01,5.614,0.5832,7.026,5.604,3.693,0.7156,7.437,5.305,1.571,0.5578,4.759,3.636,5.691,0.738,8.978,6.931,1.443,0.4217,6.128,5.068,5.454,0.7739,5.974,5.619,1.895,0.5778,7.397,4.69,6.073,0.8159,5.612,3.918,1.851,0.4907,6.468,4.386,5.415,0.5205,9.044,9.595,3.357,0.7081,4.209,6.14,5.508,0.479,8.94,6.065,4.68,0.586,7.637,6.306,4.744,0.4207,4.485,4.471,3.818,0.4778,5.908,3.861,4.161,0.3619,6.426,2.992,6.251,0.4626,6.619,6.336,2.997,0.3165,5.932,2.794,3.457,0.2764,8.048,6.464,3.858,0.652,7.198,5.662,2.725,0.3498,8.276,6.02,3.886,0.4115,8.044,3.666,3.572,0.3794,7.781,3.747,3.575,0.6021,5.724,5.111,5.476,0.2061,9.406,6.771,2.331,0.5662,5.213,7.103,4.914,0.225,10.765,7.397,1.487,0.3933,7.047,4.126,2.239,0.509,8.568,4.102,3.036,0.793,4.873,4.293,2.672,0.5611,4.954,3.389,4.655,0.6078,3.95,2.099,5.475,0.6158,5.99,4.598,6.07,0.3098,6.75,6.452,5.156,0.4075,6.368,4.974,6.189,0.7792,7.674,8.68,1.316,0.2336,7.31,4.762,4.574,0.4103,8.354,6.338,3.521,0.4465,7.295,3.254,5.663,0.6807,7.654,2.39,5.569,0.3835,4.579,5.271,3.111,0.5179,4.738,2.218,3.531,0.4332,6.838,6.741,3.7,0.7681,7.441,5.028,1.642,0.2971,6.665,3.223,3.291,0.6778,6.111,6.485,4.301,0.5618,6.886,4.785,4.624,0.4615,5.168,4.783,4.189,0.6798,6.626,5.428,3.863,0.7532,10.074,8.188,2.39,0.4686,5.707,5.484,6.487,0.7009,9.01,6.366,5.416,0.4041,8.27,3.784,4.942,0.4036,6.57,5.874,2.605,0.3705,9.762,9.239,3.994,0.1887,6.742,3.236,2.031,0.5728,8.706,5.104,5.536,0.4994,12.1954,2.1248,1.5542,2.2143,5.0902,6.0028,1.5069,17.7889,2.0122,1.0147,1.0675,1.1911,1.9681,2.8384,2.8734,1.4294,0.836,43.6955
0.558,0.1721,0.1416,0.0856,0.0427,8.492,6.643,1.055,0.3839,9.385,5.668,1.842,0.5108,7.539,4.687,0.551,0.4218,6.167,6.808,4.448,0.6059,7.39,7.168,1.938,0.2253,9.89,6.206,2.055,0.3508,6.568,7.049,4.057,0.7785,6.82,9.473,0.1,0.02,8.396,8.929,0.932,0.1111,7.075,4.895,4.928,0.7356,4.263,3.905,4.928,0.7364,7.336,5.658,6.806,0.7917,5.756,7.442,1.999,0.4946,8.519,5.68,4.748,0.3628,6.981,6.178,1.892,0.5023,9.144,6.435,2.22,0.3763,7.212,4.372,3.051,0.3548,10.554,8.416,0.1,0.4069,8.552,8.275,3.922,0.6311,7.446,6.359,3.336,0.6148,8.253,4.482,1.793,0.3908,5.292,6.754,4.027,0.5679,8.533,6.981,5.706,0.7359,7.323,3.994,3.372,0.6786,5.96,3.854,3.434,0.4618,7.359,5.869,5.375,0.3171,7.412,5.64,1.934,0.5265,6.332,6.47,4.169,0.4274,8.351,5.614,4.521,0.3629,6.325,5.856,2.385,0.4455,5.102,2.65,4.106,0.5662,5.831,7.708,3.725,0.454,5.013,3.148,2.331,0.3688,4.913,4.818,3.469,0.6547,3.98,5.365,5.955,0.7824,8.91,5.385,5.172,0.7477,5.403,6.135,3.519,0.4766,8.663,2.908,4.487,0.727,6.369,4.712,1.95,0.5211,5.679,4.819,4.86,0.6649,6.468,6.47,5.573,0.5266,8.081,5.081,2.19,0.4855,5.785,4.479,2.261,0.738,5.604,5.183,3.867,0.5741,7.229,4.013,4.891,0.3769,5.76,6.879,1.068,0.2807,10.444,7.071,1.507,0.2771,10.494,8.041,4.259,0.3267,5.153,3.397,3.263,0.6808,8.593,4.556,5.163,0.6994,4.035,5.147,7.066,0.8794,5.844,2.97,5.172,0.6917,6.887,4.366,5.722,0.5533,5.352,3.923,3.773,0.3943,5.816,3.95,5.258,0.709,9.094,7.486,3.955,0.4609,7.356,5.444,2.962,0.4853,8.586,8.19,2.137,0.566,7.174,5.16,5.506,0.6839,4.995,3.017,3.076,0.2711,9.425,7.965,3.353,0.2893,9.759,4.763,1.27,0.2943,6.137,3.385,3.956,0.4137,6.498,2.875,4.25,0.5846,4.38,5.206,2.416,0.6874,5.907,2.662,4.21,0.7185,9.504,6.973,1.233,0.518,6.642,3.581,3.627,0.6262,8.159,4.271,4.142,0.4525,8.199,2.841,6.302,0.68,5.268,6.706,2.627,0.337,8.436,4.087,3.29,0.4377,5.989,6.4,2.629,0.4014,4.953,5.95,4.236,0.5632,6.902,6.904,5.058,0.6038,4.67,5.744,2.653,0.4037,6.826,4.862,4.403,0.4924,4.097,5.672,2.379,0.5242,5.064,5.606,4.739,0.4113,7.142,6.11,3.559,0.3086,7.071,5.23,2.821,0.4101,7.383,4.872,2.71,0.7343,5.449,2.866,4.886,0.4334,4.442,5.75,5.198,0.4629,6.225,6.417,2.929,0.6832,7.457,3.442,5.558,0.692,6.097,2.862,3.904,0.455,6.886,6.615,3.216,0.6722,5.794,4.37,0.471,0.5794,8.292,6.48,4.368,0.4554,4.642,3.114,4.093,0.4123,4.27,3.885,3.798,0.7602,4.684,5.841,2.646,0.5084,5.616,4.603,3.653,0.4984,3.344,3.758,7.06,0.8283,7.688,7.305,1.888,0.8585,8.736,3.37,3.114,0.8408,6.001,2.294,7.06,0.5615,10.586,7.517,2.564,0.7213,8.973,3.374,4.007,0.567,10.19,7.384,4.517,0.2122,9.374,4.545,4.18,0.7433,4.277,3.885,5.076,0.7266,8.884,5.257,4.966,0.6187,8.503,6.076,5.093,0.7246,7.941,3.152,1.983,0.3227,8.624,5.416,1.664,0.4503,7.667,3.705,2.428,0.7356,7.046,3.005,3.26,0.2768,6.717,2.446,3.114,0.6029,7.011,6.818,2.433,0.3278,6.468,5.569,3.264,0.6066,8.752,5.479,2.59,0.1319,5.088,3.436,3.753,0.9092,8.169,3.626,4.969,0.3288,9.466,6.314,2.409,0.555,8.192,5.91,2.528,0.5562,6.544,6.469,3.899,0.5808,7.675,3.715,2.86,0.7634,7.889,5.126,5.37,0.7495,4.3167,2.3108,4.3689,1.3209,3.1671,2.4767,1.4282,43.0591,7.8112,0.8493,0.6774,0.735,2.8694,1.09,2.4768,2.3866,1.2471,13.8672
0.5563,0.1841,0.1186,0.102,0.0389,6.572,5.726,2.74,0.6477,10.353,4.333,1.981,0.3437,7.826,7.336,2.036,0.4995,4.93,7.728,3.726,0.401,6.561,7.757,1.901,0.2137,6.214,7.457,3.743,0.3417,9.159,6.72,6.313,0.5237,8.978,7.462,0.1,0.02,7.657,9.786,1.608,0.0745,7.675,4.519,5.942,0.8441,5.684,6.664,2.202,0.329,7.601,7.341,3.59,0.7688,9.008,4.369,1.774,0.2122,6.356,4.112,2.73,0.4977,6.761,5.073,4.281,0.4828,9.015,5.392,2.952,0.5926,5.658,3.926,2.1,0.3955,8.763,6.386,0.608,0.1228,9.007,6.097,2.583,0.3215,7.903,6.53,4.596,0.3761,7.74,3.943,2.369,0.556,7.658,7.484,2.229,0.2502,7.612,3.74,5.731,0.2793,8.415,3.379,2.376,0.6053,4.873,6.443,5.136,0.6413,6.158,5.042,3.804,0.427,7.174,8.508,2.488,0.1928,9.088,2.837,5.787,0.4465,7.236,6.122,3.66,0.5263,6.994,6.075,1.941,0.3425,4.682,5.961,4.149,0.5956,8.527,8.412,3.539,0.5076,6.734,6.483,3.304,0.4918,7.456,5.33,6.387,0.5611,4.569,4.664,3.133,0.6528,8.205,6.733,5.119,0.5841,8.541,4.768,5.404,0.6631,4.66,6.445,4.834,0.6963,8.947,7.488,2.607,0.2932,7.564,5.525,5.93,0.6929,7.335,3.326,3.584,0.6149,4.091,7.068,3.676,0.3426,8.767,3.419,2.136,0.3335,6.957,3.01,2.882,0.443,4.522,4.48,5.722,0.5979,6.612,7.948,4.76,0.3578,7.57,5.27,4.004,0.5376,7.084,8.495,1.477,0.2419,6.787,5.652,5.312,0.5845,3.876,4.163,5.299,0.6626,5.324,6.29,5.248,0.5613,6.035,5.269,3.044,0.7124,8.744,4.286,4.23,0.473,7.908,5.736,3.254,0.7611,8.537,4.304,2.942,0.368,5.279,4.379,3.834,0.2854,6.531,5.603,4.919,0.7534,7.082,5.277,3.24,0.3576,5.204,2.38,2.472,0.4048,5.114,3.655,2.227,0.6775,6.79,5.549,2.273,0.1682,8.228,5.723,2.753,0.2808,7.725,3.053,3.317,0.3677,6.732,2.074,5.652,0.7643,7.247,2.988,6.229,0.3559,8.202,4.34,5.147,0.5163,9.194,6.855,1.152,0.6806,5.442,3.98,3.436,0.5078,7.654,5.314,4.514,0.5599,6.643,6.276,5.254,0.5161,8.124,5.676,5.814,0.2827,4.645,2.461,4.313,0.4337,9.142,8.22,3.453,0.4854,5.149,6.871,4.616,0.4594,8.964,3.017,4.238,0.3995,3.882,5.907,4.323,0.7753,7.433,4.68,5.902,0.7961,9.107,4.756,2.55,0.6594,5.3,4.42,2.79,0.7313,10.041,5.808,1.351,0.585,5.905,3.945,4.009,0.3563,7.083,4.749,4.362,0.3508,7.715,5.091,1.948,0.4776,6.579,6.773,3.864,0.5079,9.438,6.067,4.95,0.6098,6.013,6.546,3.249,0.5697,5.586,5.882,4.08,0.5791,7.395,7.685,2.104,0.5913,7.041,3.987,2.301,0.3339,6.357,7.145,2.813,0.2414,6.216,3.483,5.794,0.4464,7.273,4.344,4.654,0.5325,6.865,4.639,6.23,0.3221,5.979,3.344,5.895,0.6271,4.464,2.486,6.313,0.5138,5.531,4.096,4.998,0.3806,7.046,5.669,2.368,0.4054,7.682,1.639,2.991,0.7883,8.562,6.534,2.964,0.6135,5.564,5.918,4.645,0.5678,8.21,5.534,2.938,0.6016,5.599,6.472,5.109,0.4993,8.138,6.662,5.094,0.4782,6.514,3.344,4.965,0.5108,7.933,5.154,6.026,0.3537,6.728,5.225,6.07,0.7868,9.818,4.7,3.019,0.5765,7.778,5.377,2.2,0.3525,5.385,4.098,5.208,0.6835,5.553,3.532,5.245,0.4749,5.947,4.432,5.22,0.7956,4.714,3.593,5.632,0.8113,9.803,6.436,4.836,0.372,4.68,3.604,4.419,0.7445,4.832,6.158,2.392,0.3955,5.125,6.859,4.844,0.6253,8.315,5.633,4.486,0.4818,9.603,7.124,1.255,0.2044,8.813,7.17,3.99,0.6664,8.705,6.353,6.278,0.4941,1.6418,1.787,2.7835,1.8282,3.5025,1.782,0.9688,33.9182,5.49,0.6562,2.5329,1.6464,2.0942,1.2357,1.043,1.4794,1.5126,7.6866
0.5325,0.1825,0.1446,0.0976,0.0428,4.964,4.45,1.763,0.3727,9.055,7.126,3.723,0.5269,9.238,6.105,5.215,0.2859,8.364,6.964,3.611,0.7451,9.353,5.148,3.005,0.3584,5.483,4.748,4.634,0.2567,5.449,6.923,6.862,0.4415,9.338,6.696,2.895,0.3085,8.296,6.628,2.223,0.2471,7.336,7.272,4.97,0.4559,5.728,4.898,3.59,0.7947,8.674,5.306,7.271,0.6081,8.193,4.212,3.036,0.3067,10.098,6.982,4.339,0.0712,10.616,6.249,4.8,0.1081,6.323,8.132,3.44,0.2451,9.867,6.422,1.361,0.3606,7.994,7.768,1.048,0.303,8.191,4.979,1.5,0.6382,7.182,6.126,2.917,0.5186,5.882,5.21,1.82,0.2676,7.017,6.822,3.769,0.3515,4.236,2.119,3.21,0.3404,8.338,4.148,4.939,0.4063,5.937,4.011,3.301,0.6317,5.979,4.278,2.291,0.3831,4.756,8.244,4.85,0.4801,4.25,2.599,2.011,0.46,7.23,7.072,2.213,0.3769,9.912,8.087,3.225,0.1421,4.805,5.17,3.239,0.6395,5.197,6.053,2.569,0.5409,5.304,4.842,3.589,0.4282,7.046,2.194,3.574,0.6151,4.967,3.867,4.114,0.5198,4.595,6.95,5.22,0.792,4.962,4.047,5.382,0.3997,5.232,6.734,3.265,0.3982,7.804,6.326,1.384,0.5055,8.648,2.879,3.849,0.3855,6.938,6.399,2.695,0.7641,7.705,5.366,6.084,0.4918,4.821,2.433,3.336,0.7429,8.769,2.161,5.375,0.5625,4.798,3.049,5.574,0.6757,8.835,5.447,2.488,0.3487,6.425,7.903,4.724,0.4353,6.988,5.045,3.001,0.2845,9.251,3.65,2.572,0.8207,9.238,2.669,2.763,0.5013,5.08,3.563,7.366,0.8305,5.183,6.073,4.393,0.7046,8.505,5.661,4.321,0.8192,4.283,6.604,4.044,0.6508,8.862,2.574,5.913,0.8078,5.616,4.908,4.444,0.0789,8.301,5.306,5.919,0.7193,6.907,7.649,3.551,0.658,7.335,5.435,6.133,0.3432,8.644,4.161,2.044,0.3801,7.593,8.179,0.85,0.5022,7.781,7.043,3.457,0.6757,4.013,6.858,3.386,0.744,6.719,6.663,4.949,0.4119,6.191,5.977,3.791,0.5672,5.464,4.582,3.542,0.496,6.936,5.036,5.026,0.336,3.905,4.455,3.967,0.3112,6.059,5.723,2.544,0.3379,7.166,3.197,2.467,0.4215,5.755,3.624,4.437,0.5154,4.384,3.913,2.681,0.4814,5.822,7.634,2.539,0.407,4.241,3.444,2.28,0.4117,8.999,3.147,2.859,0.7196,4.862,6.648,6.254,0.4702,6.063,4.633,2.516,0.7359,7.666,6.395,1.799,0.4787,5.954,5.759,5.394,0.6137,5.914,5.919,4.091,0.1336,5.253,6.296,4.574,0.3444,8.035,5.158,2.626,0.7381,4.152,5.549,3.269,0.5087,8.15,2.798,4.446,0.4873,4.953,4.047,2.643,0.6607,7.963,6.496,5.531,0.5747,4.934,3.788,3.598,0.8248,5.195,6.089,4.305,0.711,9.12,3.937,1.149,0.0551,5.567,7.34,4.292,0.6431,5.101,3.867,3.922,0.6517,6.686,3.132,2.553,0.5418,6.522,5.959,5.672,0.3248,6.228,6.176,3.109,0.5663,2.876,2.051,4.89,0.7917,7.805,6.534,5.222,0.6064,6.929,2.155,4.88,0.731,5.153,5.061,5.014,0.4901,7.487,4.745,3.649,0.5846,5.457,4.443,3.829,0.2964,5.797,5.325,1.173,0.0377,6.177,4.341,4.722,0.2313,6.573,4.57,3.619,0.4925,6.084,5.005,3.92,0.749,4.309,2.618,4.967,0.8043,5.226,5.355,5.501,0.6836,5.502,7.417,1.816,0.526,7.127,2.815,3.976,0.5101,4.029,7.653,4.491,0.3333,8.196,5.824,2.804,0.6997,7.003,3.55,4.663,0.6119,9.353,6.324,3.111,0.5944,8.814,6.369,2.111,0.5744,4.345,5.232,6.099,0.8689,6.451,3.328,5.684,0.8262,3.915,2.736,1.758,0.3142,8.326,2.81,5.121,0.8316,7.327,6.478,3.358,0.5796,5.136,3.394,3.577,0.4999,6.586,6.976,4.731,0.6247,1.9904,1.6382,1.09,1.5628,1.4864,0.9514,0.9351,2.0269,2.5789,1.316,1.0922,0.665,1.2235,1.548,1.2478,2.1484,3.5255,5.3535
0.5732,0.1808,0.1191,0.0919,0.0349,7.362,6.561,4.978,0.5409,10.484,5.824,1.328,0.4664,7.152,2.954,4.28,0.7488,7.961,6.03,3.167,0.6652,8.17,4.513,3.85,0.4849,7.995,5.23,4.575,0.466,5.17,5.783,6.942,0.5457,7.559,4.676,4.882,0.4784,6.599,6.924,3.136,0.6324,8.292,3.644,7.236,0.7559,8.379,2.873,2.983,0.5008,7.163,4.877,6.23,0.9074,6.074,5.052,1.683,0.1737,7.661,5.937,1.997,0.1322,6.349,5.441,0.629,0.3727,10.35,7.189,1.458,0.4386,10.588,5.886,1.395,0.3054,9.146,4.047,2.474,0.7161,8.043,6.435,4.024,0.3975,5.396,4.233,4.756,0.7547,8.282,7.142,2.368,0.1211,6.308,6.19,4.691,0.6078,7.589,6.723,2.678,0.7873,4.151,6.694,5.293,0.6259,7.959,4.808,4.33,0.5205,8.415,7.008,3.943,0.5961,7.272,3.864,2.119,0.7088,4.815,5.976,2.895,0.7452,7.47,6.255,3.139,0.5396,9.001,5.529,1.595,0.2896,5.795,4.441,4.914,0.5533,8.977,4.987,2.698,0.4419,7.757,4.213,5.171,0.5556,2.125,5.24,5.344,0.9364,4.014,3.978,3.174,0.7741,8.774,3.733,5.771,0.5527,4.208,5.201,5.808,0.6385,4.401,2.718,5.21,0.7386,7.958,7.019,1.173,0.4387,5.52,4.511,4.645,0.3849,8.339,4.919,5.432,0.3115,4.895,4.039,5.019,0.6345,3.979,3.323,5.413,0.5997,7.629,5.891,5.441,0.5786,6.417,6.638,1.934,0.7262,7.486,4.104,3.004,0.5398,10.8,5.807,0.407,0.3922,6.589,4.125,5.475,0.4346,7.551,3.829,4.442,0.7322,3.915,4.842,5.362,0.7117,3.044,5.031,5.824,0.7242,8.34,4.251,4.949,0.506,5.876,2.421,3.142,0.7785,8.789,3.566,4.974,0.6357,4.631,6.602,4.185,0.7202,8.375,8.267,2.774,0.3499,6.721,6.208,4.178,0.6823,6.997,5.155,2.45,0.7053,7.182,6.42,3.417,0.5712,7.426,3.559,5.041,0.3387,9.925,4.802,0.951,0.2866,7.6,3.505,3.595,0.4795,4.003,6.895,2.77,0.4167,4.234,3.51,2.596,0.4684,5.877,6.679,2.333,0.6839,7.313,6.502,3.12,0.7825,4.309,5.096,3.109,0.4319,7.383,5.19,2.573,0.4488,8.879,5.314,3.953,0.4702,7.954,5.691,2.492,0.7206,5.638,4.627,5.046,0.338,7.765,6.081,2.38,0.7288,6.841,4.247,5.106,0.5002,7.759,4.884,3.878,0.6859,4.459,2.954,4.538,0.77,8.313,6.131,2.449,0.4552,6.153,6.363,4.404,0.5445,4.982,4.34,3.971,0.7469,8.064,2.182,3.006,0.7515,9.499,6.152,0.871,0.1422,7.235,5.48,4.915,0.4541,6.054,6.789,3.205,0.7159,4.543,3.646,5.802,0.2804,5.559,5.245,5.218,0.3903,6.43,4.135,3.026,0.7558,5.935,5.058,2.846,0.714,3.855,3.206,3.704,0.5896,6.588,5.941,3.975,0.4893,8.075,6.58,3.441,0.3823,5.59,4.407,4.08,0.3833,6.198,6.399,3.529,0.8045,6.526,3.906,4.306,0.4841,6.88,5.822,5.455,0.6605,6.775,3.895,4.616,0.4813,2.941,3.327,7.101,0.7497,4.285,6.828,5.855,0.5154,5.046,4.919,5.513,0.455,5.753,5.447,5.828,0.9146,4.396,6.602,4.81,0.5068,7.324,5.37,3.275,0.5601,10.826,8.096,2.593,0.4443,5.379,5.81,4.544,0.3261,4.594,3.76,3.733,0.3614,7.411,4.39,3.831,0.485,7.017,2.668,3.253,0.7333,6.755,5.995,3.952,0.7874,9.596,5.342,3.871,0.1165,6.41,6.456,2.718,0.5404,5.234,5.693,5.86,0.7301,7.925,4.7,3.126,0.793,8.357,4.578,1.727,0.3969,7.986,2.919,2.569,0.5084,9.842,7.548,1.283,0.5075,7.667,4.449,7.568,0.7444,5.689,5.878,3.933,0.5703,8.84,3.735,3.652,0.3634,7.966,3.726,5.243,0.8335,4.188,6.076,2.023,0.5102,5.479,6.17,3.947,0.7111,5.642,6.493,1.85,0.368,1.1677,3.0743,0.576,1.5335,1.0176,1.0173,0.7622,0.8563,1.7899,0.4503,0.8017,0.6739,2.5819,2.6633,4.9387,3.6006,3.2693,1.2301
0.5435,0.1686,0.1296,0.0969,0.0614,4.718,6.561,4.974,0.5257,10.484,4.934,0.565,0.1243,5.089,6.139,4.245,0.7749,5.318,5.139,4.026,0.5876,6.073,4.167,4.176,0.4664,5.805,4.011,4.27,0.3662,6.306,6.933,6.497,0.6204,8.223,6.517,2.031,0.2447,7.69,6.626,1.571,0.3489,6.724,3.216,5.366,0.9179,7.304,4.485,2.806,0.5947,8.137,3.612,6.574,0.9389,7.701,9.019,2.657,0.1417,10.185,8.806,1.247,0.3843,8.977,6.763,3.244,0.4808,8.062,6.39,1.039,0.4507,6.893,9.167,3.112,0.0222,8.88,3.547,2.382,0.3316,5.949,4.684,4.334,0.7269,3.952,2.719,4.456,0.7096,10.363,5.246,0.578,0.2523,4.5,5.868,5.986,0.7606,7.101,4.217,5.89,0.5087,8.397,5.661,2.804,0.5565,8.903,6.577,2.237,0.4023,4.679,4.065,3.017,0.5937,7.519,3.812,4.872,0.7466,6.488,5.563,1.902,0.5392,7.633,5.336,5.137,0.4393,7.693,8.477,1.436,0.1403,6.237,4.591,3.616,0.5548,8.125,3.48,2.73,0.8134,7.462,3.432,2.35,0.6242,7.032,4.521,5.886,0.98,5.602,3.876,4.238,0.5563,7.535,5.12,3.938,0.4614,7.567,6.517,2.651,0.4224,8.241,4.469,3.5,0.3922,10.152,7.138,1.315,0.2934,7.626,5.46,6.193,0.4683,6.189,6.055,2.114,0.5731,4.849,5.868,1.92,0.7344,6.719,3.846,6.11,0.7174,6.131,5.861,4.924,0.2519,7.138,2.793,5.343,0.4432,8.561,4.364,3.24,0.4865,6.993,7.331,0.769,0.3538,4.36,6.602,3.533,0.7625,4.461,3.389,4.898,0.6597,7.357,3.433,5.532,0.3067,1.925,4.086,7.585,0.777,5.047,3.076,4.967,0.7178,7.517,6.031,5.722,0.6936,4.84,6.12,2.334,0.7658,6.285,2.267,4.895,0.3821,7.012,4.621,3.866,0.02,8.133,2.607,5.239,0.5409,4.602,4.694,5.289,0.6812,8.411,4.369,4.581,0.5156,5.892,2.852,3.201,0.6764,6.787,4.556,2.806,0.3224,3.968,6.135,2.504,0.7319,4.078,6.74,4.506,0.3904,7.293,4.951,3.332,0.6294,8.618,6.521,5.911,0.8382,8.191,4.033,3.268,0.5953,4.421,2.592,4.219,0.3729,5.259,6.502,5.381,0.5407,6.159,4.473,0.708,0.4514,8.773,6.379,2.455,0.828,4.865,6.058,2.056,0.5265,7.459,2.963,5.253,0.6824,7.543,5.576,4.171,0.4605,7.682,5.262,2.082,0.4025,5.057,6.536,4.968,0.4617,8.918,3.872,5.561,0.3368,5.917,4.494,5.26,0.6527,6.119,4.369,3.926,0.6283,6.524,5.486,5.653,0.6729,8.315,5.402,2.651,0.14,9.474,3.925,3.611,0.3046,4.235,6.239,5.293,0.2363,5.607,5.6,5.243,0.7953,9.053,5.689,3.394,0.3099,4.841,4.497,6.221,0.812,5.921,5.524,2.548,0.4501,5.775,5.059,3.51,0.4871,4.049,5.638,4.167,0.3324,7.624,6.374,2.82,0.3439,8.552,5.753,5.295,0.63,8.055,4.923,3.048,0.6943,7.02,2.443,2.151,0.6778,4.574,5.67,4.439,0.5688,4.47,5.191,2.708,0.5616,2.638,3.924,7.12,0.98,7.402,3.28,3.866,0.6634,7.709,2.57,2.304,0.3364,4.203,3.975,6.491,0.7522,5.829,6.184,2.163,0.6491,6.278,3.066,5.182,0.5277,11.087,6.664,1.491,0.3256,4.641,6.054,5.786,0.3116,4.25,7.268,4.297,0.6515,8.945,5.438,2.231,0.7402,6.766,6.367,5.977,0.5307,8.842,5.293,6.085,0.3367,8.906,5.115,4.263,0.507,6.581,4.235,3.642,0.4466,6.062,6.306,2.68,0.5229,8.749,5.563,5.167,0.7745,7.152,5.828,3.615,0.6741,8.513,3.875,2.895,0.5944,11.069,8.27,3.548,0.2907,5.318,4.312,5.482,0.8691,8.532,5.372,2.518,0.5355,6.2,3.299,4.596,0.6249,8.0,2.869,2.365,0.7282,5.409,6.434,4.212,0.6212,8.426,5.129,4.245,0.4916,6.887,5.231,4.318,0.6683,1.1717,6.2511,1.199,1.0902,0.8787,0.8469,0.9606,2.7432,3.2804,0.5038,1.2812,0.4745,3.1114,5.0864,1.7682,4.0196,2.8344,1.2607
0.5384,0.1712,0.1461,0.0995,0.0449,8.335,4.551,5.182,0.7751,6.694,8.772,3.285,0.364,6.172,5.932,2.085,0.4771,4.679,5.2,5.562,0.5136,6.736,6.392,3.659,0.5987,8.321,3.949,2.508,0.5095,6.605,3.608,5.702,0.499,7.638,6.602,3.458,0.4715,5.129,3.378,3.12,0.4616,5.105,2.887,4.025,0.5082,5.17,4.859,3.967,0.5623,8.808,2.475,6.713,0.8286,8.438,6.587,0.572,0.2132,11.146,8.164,0.865,0.4172,7.134,7.152,3.389,0.3912,6.837,8.179,1.827,0.02,6.666,7.585,2.662,0.3714,8.883,6.962,3.876,0.4769,6.366,6.41,5.433,0.6839,8.12,4.887,2.312,0.3209,10.931,5.582,3.66,0.2539,4.059,6.686,4.637,0.5253,5.18,5.707,3.308,0.6681,7.486,5.171,3.645,0.2966,6.291,4.054,4.483,0.4151,8.678,6.484,5.352,0.7059,7.382,7.253,4.854,0.6192,8.618,4.859,5.369,0.7245,6.527,3.455,5.554,0.2649,7.751,6.467,1.921,0.4267,4.96,3.616,3.011,0.6834,4.46,6.756,4.684,0.7609,8.703,5.438,2.203,0.3102,4.263,3.358,6.052,0.5983,9.159,3.411,5.438,0.6189,5.266,3.037,5.078,0.7144,7.812,6.025,4.511,0.4404,8.255,6.135,3.418,0.815,10.897,8.133,2.466,0.4428,4.687,5.586,3.508,0.718,7.627,6.293,5.499,0.6186,8.096,6.164,5.366,0.7645,8.254,3.942,4.644,0.6135,5.18,6.823,5.59,0.5132,8.103,4.995,2.257,0.4451,7.423,5.628,5.051,0.4336,10.638,5.941,2.705,0.4466,8.566,6.356,3.536,0.6746,6.35,5.871,5.581,0.363,6.675,6.029,4.744,0.5776,5.412,2.192,5.666,0.824,8.015,2.541,5.466,0.5245,8.728,4.749,5.528,0.5679,7.333,5.233,6.41,0.4397,7.048,6.128,1.901,0.5702,7.554,6.665,3.977,0.1365,3.921,6.303,5.432,0.8516,4.504,3.58,2.509,0.5463,5.775,2.902,4.093,0.5299,6.162,7.188,4.194,0.6987,10.674,5.093,1.772,0.4046,6.868,4.23,3.163,0.6459,5.152,4.286,5.484,0.5908,8.929,5.994,5.712,0.7135,9.301,5.608,3.376,0.5468,6.492,6.537,5.583,0.3114,5.884,5.487,4.098,0.5558,4.789,3.794,2.188,0.5626,6.385,7.092,1.042,0.02,6.813,4.458,3.245,0.7887,8.334,6.64,5.439,0.8475,8.855,6.414,5.373,0.7739,6.11,4.796,3.509,0.7576,6.56,5.838,4.686,0.4483,5.058,5.19,6.294,0.6788,8.368,4.557,2.457,0.7189,6.794,4.692,3.584,0.354,6.601,4.866,3.072,0.5284,8.867,5.546,5.603,0.3584,9.359,5.06,2.932,0.02,8.426,6.384,2.649,0.7943,4.317,4.005,4.792,0.4563,6.999,4.333,2.578,0.5254,6.974,6.697,2.808,0.5611,7.581,2.971,5.374,0.6837,4.857,5.874,4.58,0.7282,4.924,5.324,3.268,0.3277,8.925,3.622,5.259,0.4708,7.97,8.114,1.855,0.3189,7.837,5.992,5.344,0.2959,6.396,5.532,4.168,0.6213,6.12,3.548,4.766,0.465,5.412,4.647,5.542,0.4406,6.036,3.145,2.785,0.3348,6.082,0.908,4.521,0.98,7.402,3.059,4.081,0.69,8.416,6.371,2.628,0.3469,5.914,1.494,6.529,0.5936,5.395,5.313,2.743,0.431,8.438,3.882,5.825,0.7755,7.889,8.354,2.102,0.0694,4.884,4.093,4.904,0.6289,5.894,2.587,5.046,0.7197,7.881,4.174,3.387,0.5435,5.272,5.356,4.678,0.3128,4.733,4.647,4.247,0.4732,6.465,8.09,0.444,0.3169,8.186,5.246,4.81,0.7275,3.772,4.64,3.679,0.7165,8.374,3.388,2.672,0.5966,5.107,6.189,2.758,0.5249,6.106,3.071,2.627,0.7856,10.001,7.79,1.586,0.1014,6.031,4.45,5.052,0.6368,8.885,3.243,3.688,0.566,7.015,6.535,3.617,0.567,6.82,4.334,2.523,0.8062,8.901,5.654,5.695,0.4105,7.584,6.562,2.988,0.7344,5.768,3.543,2.819,0.406,0.7513,2.3398,2.2283,0.842,1.4668,1.2667,0.5726,1.6384,0.9175,0.6231,1.0496,0.3239,7.4413,5.9065,1.8432,4.2008,2.4207,1.5635
0.5675,0.174,0.1239,0.0955,0.0391,5.21,3.951,5.041,0.6027,7.901,7.968,2.98,0.1088,5.748,4.841,3.216,0.5481,7.06,4.258,3.323,0.3665,4.227,2.816,2.531,0.5776,5.804,4.872,4.886,0.4364,9.088,5.504,6.942,0.534,8.483,3.599,2.082,0.3239,4.707,3.959,2.685,0.5344,8.156,3.43,3.442,0.5494,5.312,6.911,3.157,0.7489,6.682,6.374,4.404,0.7251,7.926,5.905,4.087,0.2833,9.655,4.683,3.138,0.0495,9.412,6.899,1.247,0.3072,6.87,7.791,3.088,0.3266,9.065,9.157,3.915,0.1918,6.873,6.512,4.851,0.6388,6.758,4.105,3.918,0.5291,3.796,2.738,4.201,0.3141,10.536,7.123,0.572,0.4188,5.346,6.132,2.901,0.6157,7.156,5.028,2.691,0.5795,4.818,5.603,5.392,0.4493,8.552,5.265,4.203,0.786,4.018,4.423,5.174,0.7013,6.255,6.044,2.142,0.5011,7.304,6.908,5.496,0.893,6.457,5.865,2.558,0.3564,10.138,7.942,1.252,0.02,6.206,6.576,2.323,0.5444,8.872,4.322,2.259,0.5321,5.84,4.691,3.514,0.6665,3.558,4.208,6.133,0.98,8.082,3.346,2.688,0.782,6.769,4.823,2.994,0.3278,9.383,4.424,4.885,0.7326,6.935,2.281,6.145,0.4298,10.39,5.674,4.297,0.4267,5.562,4.817,2.507,0.3483,5.779,7.139,5.465,0.4964,6.072,5.576,3.397,0.4301,8.25,3.654,4.217,0.5788,4.577,4.11,5.412,0.7994,4.308,4.755,4.575,0.2199,5.676,3.774,5.743,0.3958,8.588,4.312,2.393,0.238,8.01,6.097,5.249,0.5122,8.779,4.187,4.717,0.5721,5.707,6.818,4.05,0.4197,4.235,5.213,6.765,0.946,4.729,4.751,4.726,0.5361,6.668,4.403,2.134,0.7231,5.403,2.868,4.616,0.559,5.742,3.585,3.7,0.7349,10.514,6.131,1.127,0.2667,5.15,6.309,3.117,0.712,8.769,4.478,4.233,0.6232,4.207,4.047,5.491,0.438,6.284,6.759,3.174,0.5425,10.414,6.658,1.57,0.1453,4.808,6.39,3.987,0.3262,4.032,3.329,3.307,0.8141,6.295,5.96,3.794,0.3541,5.834,5.827,3.58,0.5082,7.188,3.503,5.525,0.6374,6.006,4.618,5.158,0.3853,6.532,4.175,3.716,0.5176,7.618,6.709,0.969,0.198,8.565,4.404,3.354,0.6557,8.239,2.88,5.294,0.7014,3.742,4.806,2.469,0.4689,5.966,6.821,2.086,0.6856,8.023,5.903,3.575,0.6496,4.596,6.012,2.972,0.3122,7.598,6.311,4.049,0.708,6.981,5.52,4.81,0.4534,5.528,5.971,4.172,0.5716,7.225,4.984,5.976,0.6006,8.689,6.854,3.245,0.4319,6.745,3.44,4.863,0.7061,5.719,3.634,3.176,0.2794,6.033,3.809,3.196,0.7615,7.874,6.081,5.652,0.6647,7.279,5.008,2.629,0.5666,5.084,6.365,3.406,0.4241,7.293,3.758,5.664,0.4215,6.82,3.695,3.202,0.4105,8.463,5.555,3.814,0.0443,7.788,5.319,3.464,0.3101,4.729,4.616,5.092,0.287,8.198,3.565,2.36,0.5575,6.567,6.711,2.276,0.3997,7.244,3.012,1.555,0.5657,3.739,1.776,6.035,0.7359,4.353,3.074,5.803,0.5684,7.516,5.555,5.067,0.3373,4.598,5.233,4.498,0.7891,4.918,6.328,2.342,0.3488,8.122,3.317,3.869,0.4967,10.957,5.688,0.871,0.3331,8.199,6.353,4.14,0.2356,9.045,3.866,2.423,0.44,6.841,5.894,4.397,0.3649,8.752,4.174,6.017,0.2822,6.929,6.246,4.289,0.5781,8.519,7.449,0.267,0.0344,6.976,5.811,3.476,0.6854,6.647,4.442,3.228,0.6284,7.494,4.653,2.595,0.5653,8.195,4.201,2.164,0.7831,8.694,6.579,2.337,0.8006,9.376,4.957,2.502,0.2523,4.852,3.837,4.637,0.98,4.415,5.405,4.605,0.3939,8.586,6.565,2.55,0.7413,4.925,4.62,4.291,0.6303,9.248,4.579,5.613,0.6804,5.752,4.427,4.098,0.7669,4.875,5.382,2.121,0.6053,0.6879,2.4987,1.2528,1.1236,0.8776,0.8985,0.7265,1.4362,1.1927,0.8383,1.7252,1.2189,1.3209,1.4245,4.1706,2.2168,2.1767,1.165
0.5511,0.1671,0.1219,0.0966,0.0633,4.747,3.842,3.787,0.5057,7.198,7.382,2.563,0.1944,7.942,6.903,4.493,0.7316,6.644,5.178,3.539,0.6087,5.315,5.579,2.85,0.3105,6.0,6.123,5.452,0.6266,4.706,5.76,6.242,0.8177,6.969,6.444,3.014,0.7044,4.881,5.464,4.226,0.4027,6.297,6.417,6.178,0.9008,5.995,2.881,5.351,0.7234,8.478,4.723,5.866,0.8569,7.396,5.438,0.184,0.0462,10.552,8.097,4.051,0.5036,7.757,8.145,1.978,0.3967,7.862,8.836,3.683,0.3239,10.654,7.462,1.016,0.2339,4.546,4.303,4.24,0.3156,7.941,4.74,2.443,0.3178,5.876,5.358,2.413,0.5551,9.507,6.299,2.87,0.2415,8.831,6.743,2.594,0.7515,6.473,6.906,2.813,0.4122,9.067,5.091,1.919,0.2877,9.094,5.456,4.989,0.4227,7.019,4.125,4.129,0.4494,8.347,6.582,5.646,0.6707,4.43,3.128,6.209,0.515,6.602,2.921,5.364,0.4649,10.219,8.87,0.528,0.02,3.553,4.134,3.517,0.7018,7.741,6.234,2.49,0.5389,8.139,3.988,5.223,0.3408,6.301,2.105,6.707,0.7217,7.495,6.554,5.682,0.3954,5.229,4.472,3.346,0.6685,9.495,5.86,3.508,0.5165,4.282,3.862,4.029,0.3298,7.238,8.672,0.377,0.178,6.29,3.183,3.639,0.6492,8.632,5.63,2.252,0.5956,6.938,4.775,2.653,0.8038,8.552,5.074,4.936,0.4836,8.821,2.179,3.976,0.5324,6.489,5.744,4.764,0.4514,7.7,5.63,5.525,0.4445,7.008,7.596,2.699,0.4084,6.484,5.752,5.161,0.6192,4.969,4.286,2.478,0.4907,5.364,4.673,3.559,0.7711,1.824,3.255,4.299,0.98,7.282,4.035,3.285,0.3455,7.853,5.114,5.402,0.6158,7.256,3.359,2.702,0.2872,5.749,5.392,5.888,0.3916,7.183,5.192,2.906,0.4119,7.21,4.955,2.195,0.4099,5.207,4.117,2.79,0.6925,8.848,5.583,5.903,0.5226,8.015,3.022,4.286,0.4982,8.185,6.665,1.645,0.1878,5.228,4.355,2.194,0.8273,7.905,5.775,3.004,0.6163,5.405,6.694,4.386,0.3188,8.424,5.047,4.04,0.4647,6.83,2.712,4.311,0.612,8.412,3.425,5.898,0.6594,4.515,4.933,1.945,0.7027,6.824,5.931,0.367,0.4362,7.114,2.789,3.652,0.5686,4.712,6.492,4.572,0.823,4.11,3.793,2.251,0.6608,6.489,6.489,3.905,0.4426,5.262,4.572,4.806,0.456,8.639,3.301,1.924,0.3568,8.877,2.645,5.13,0.452,8.491,4.996,5.53,0.3336,7.712,3.207,2.783,0.4925,7.463,4.454,3.157,0.6533,8.703,8.613,3.7,0.2548,8.987,2.917,2.402,0.5717,3.799,6.854,4.125,0.6775,8.083,2.312,2.665,0.5718,7.812,3.25,3.551,0.5111,6.355,5.803,6.07,0.7128,6.83,4.95,3.794,0.5996,5.185,4.55,3.144,0.517,5.695,7.054,3.478,0.4861,10.746,8.965,2.429,0.281,5.297,4.637,2.975,0.5414,8.585,5.448,2.175,0.5311,7.015,2.749,4.427,0.2426,7.821,6.226,5.293,0.5593,8.405,4.99,4.326,0.3508,6.524,1.399,6.342,0.8815,6.453,6.346,5.887,0.5798,7.287,4.466,4.54,0.5229,3.381,5.734,3.838,0.7421,8.046,5.722,3.771,0.7516,7.739,4.281,3.98,0.7405,8.215,8.761,3.216,0.2315,3.527,4.247,3.8,0.6121,4.607,5.615,5.018,0.4553,8.161,5.388,6.123,0.5968,5.301,3.736,3.704,0.7336,6.064,5.428,5.832,0.3582,8.798,5.52,1.147,0.3358,8.94,5.732,5.938,0.2837,6.588,5.61,2.069,0.5239,6.545,4.09,4.688,0.5,6.848,5.195,3.021,0.5057,6.366,2.281,3.088,0.7198,7.372,6.237,2.839,0.282,2.546,3.974,7.596,0.8214,8.342,4.953,2.659,0.3325,5.125,4.439,3.914,0.5613,7.699,3.944,5.672,0.5741,9.151,4.301,5.358,0.5186,4.651,3.629,3.439,0.6462,4.791,2.898,3.766,0.4207,0.8746,2.5835,1.2964,1.219,1.7111,0.991,0.8045,1.6876,1.1555,0.8939,0.4666,0.6922,16.4688,1.7396,3.2913,2.1515,5.5278,0.9243
0.5549,0.1763,0.1303,0.102,0.0364,8.157,5.253,5.161,0.5242,7.309,4.031,4.205,0.1813,6.273,5.28,5.316,0.4034,5.979,5.798,3.498,0.775,7.499,6.0,3.31,0.4066,6.016,5.951,3.497,0.6184,8.649,6.68,6.855,0.9332,4.578,5.519,2.851,0.5109,7.743,5.623,2.734,0.335,7.503,3.075,7.001,0.8241,4.419,6.509,5.495,0.3313,6.676,6.209,6.604,0.4942,8.751,8.362,1.451,0.2449,10.786,7.091,2.069,0.2252,9.251,7.547,1.582,0.4095,7.538,7.23,1.835,0.3357,9.238,5.561,1.145,0.5334,5.576,4.559,2.523,0.6376,4.573,5.804,5.106,0.6442,7.213,5.2,4.384,0.3858,8.94,5.784,1.056,0.4356,6.791,5.82,1.856,0.4542,5.82,4.338,4.848,0.5811,4.298,5.233,6.341,0.4055,8.795,2.958,3.476,0.3815,6.488,6.709,4.255,0.437,5.785,5.993,4.853,0.7804,5.208,4.634,2.045,0.4061,7.23,6.115,4.298,0.5192,7.706,7.99,3.454,0.0397,8.769,5.664,5.619,0.4046,7.732,6.567,2.551,0.7236,8.095,5.531,5.352,0.7597,2.456,4.954,4.475,0.98,6.977,4.891,1.956,0.6694,4.001,5.52,5.618,0.475,6.469,5.343,3.255,0.3254,7.331,3.985,3.02,0.6843,7.15,8.102,2.458,0.1743,5.538,3.756,2.32,0.3881,5.878,3.72,5.155,0.3301,4.688,4.158,2.235,0.4076,6.891,3.345,3.583,0.5621,7.046,2.962,5.344,0.7646,4.473,6.328,4.201,0.5341,6.22,6.526,3.052,0.3216,11.263,5.031,3.218,0.4237,5.216,2.81,5.95,0.2907,4.595,6.777,4.375,0.4496,6.742,3.311,5.258,0.78,4.387,5.803,4.323,0.8723,5.513,6.15,3.069,0.6692,5.95,5.703,1.802,0.6609,5.279,4.309,5.241,0.7463,5.621,6.051,4.298,0.828,7.25,8.426,1.462,0.1781,6.148,5.257,3.473,0.7368,4.954,3.42,5.245,0.6075,5.482,6.422,3.657,0.6151,4.079,4.446,4.723,0.4465,7.607,6.898,3.266,0.02,5.846,6.377,1.968,0.6608,5.139,5.628,2.635,0.3951,6.827,4.16,5.565,0.386,5.784,4.867,6.416,0.4388,6.291,3.251,4.58,0.5678,8.801,5.846,5.234,0.6715,6.111,3.945,3.257,0.492,10.456,6.523,1.742,0.0587,8.084,3.807,3.106,0.6531,5.635,3.673,5.547,0.7064,8.524,3.151,3.404,0.7183,5.863,4.299,5.013,0.3069,6.782,5.818,3.035,0.5143,6.818,2.436,1.718,0.3477,8.426,4.991,5.362,0.5835,4.317,3.808,3.263,0.5154,7.011,4.919,4.751,0.3547,4.71,3.021,3.264,0.3883,11.175,7.825,3.611,0.5137,9.381,2.739,3.707,0.8137,4.293,2.783,5.459,0.6334,7.939,5.474,5.785,0.5646,5.371,3.344,5.631,0.4877,7.466,6.265,5.275,0.4958,5.018,5.321,3.48,0.5558,7.841,3.943,4.214,0.7088,7.296,5.63,2.073,0.5282,6.862,5.45,0.524,0.1585,5.709,3.739,2.97,0.6444,6.172,3.458,2.859,0.7531,5.178,3.64,4.856,0.4499,7.715,5.348,4.556,0.6042,5.28,6.318,3.715,0.6398,6.226,3.736,6.57,0.98,6.083,5.485,4.109,0.6323,5.835,3.54,2.049,0.6141,5.421,4.886,5.596,0.9241,4.22,6.479,4.1,0.7214,7.68,2.971,3.289,0.7353,8.447,8.566,1.201,0.3186,6.883,5.011,3.033,0.4082,4.391,3.925,3.105,0.6374,8.694,4.198,4.625,0.3735,7.604,4.854,3.643,0.5375,8.023,2.706,3.064,0.3623,8.039,7.816,4.309,0.3157,5.625,3.67,2.73,0.7503,5.16,4.64,3.742,0.4601,4.942,4.954,5.277,0.4838,7.832,7.046,2.36,0.6028,4.571,2.479,2.622,0.4828,7.987,5.519,3.573,0.3789,3.211,2.359,5.287,0.9106,5.311,4.781,2.962,0.8294,4.502,4.794,4.025,0.501,6.41,5.403,5.857,0.6907,4.094,7.456,1.93,0.5173,4.526,3.374,3.693,0.6925,4.913,3.831,2.854,0.7598,0.908,0.8985,0.9073,1.3259,1.5721,1.4117,0.8468,1.5942,1.7744,0.388,1.0983,0.8626,4.6562,2.9617,3.6084,3.184,3.127,1.3982
