gene,region,mean_beta_isolate,mean_beta_mastery,delta_beta,t_stat,pvalue,fdr,is_dmr,status
GENE_012,Promoter_CpG_Island_GENE_012,0.5831,0.156,-0.427,-4.923,0.0007273826290953815,0.03607479887239176,True,Hypomethylated
GENE_077,Promoter_CpG_Island_GENE_077,0.6096,0.8845,0.275,4.894,0.0010265931943463386,0.03607479887239176,True,Hypermethylated
CAMK2A,Promoter_CpG_Island_CAMK2A,0.5197,0.1838,-0.3359,-4.968,0.0010571619246041255,0.03607479887239176,True,Hypomethylated
GENE_033,Promoter_CpG_Island_GENE_033,0.5298,0.8539,0.3241,4.478,0.001666119325078152,0.03607479887239176,True,Hypermethylated
GENE_071,Promoter_CpG_Island_GENE_071,0.6279,0.2548,-0.3731,-4.224,0.0021176698918963016,0.03607479887239176,True,Hypomethylated
GENE_089,Promoter_CpG_Island_GENE_089,0.6571,0.2711,-0.386,-4.097,0.002182948201567198,0.03607479887239176,True,Hypomethylated
GENE_003,Promoter_CpG_Island_GENE_003,0.5479,0.2872,-0.2607,-4.135,0.002199556460213947,0.03607479887239176,True,Hypomethylated
GENE_096,Promoter_CpG_Island_GENE_096,0.5096,0.827,0.3174,4.068,0.002404986591492784,0.03607479887239176,True,Hypermethylated
GENE_062,Promoter_CpG_Island_GENE_062,0.6138,0.2504,-0.3633,-4.008,0.003633668136288235,0.04611271197897327,True,Hypomethylated
GENE_009,Promoter_CpG_Island_GENE_009,0.3891,0.6711,0.282,3.882,0.0038427259982477726,0.04611271197897327,True,Hypermethylated
MEF2C,Promoter_CpG_Island_MEF2C,0.6008,0.2764,-0.3244,-3.719,0.004666225945466086,0.05090428304144821,False,No_Change
GENE_016,Promoter_CpG_Island_GENE_016,0.5264,0.8661,0.3396,3.482,0.005915450608741006,0.059154506087410054,False,No_Change
GENE_052,Promoter_CpG_Island_GENE_052,0.514,0.7024,0.1884,3.367,0.0071591332603589165,0.06378142936713195,False,No_Change
GENE_080,Promoter_CpG_Island_GENE_080,0.5308,0.786,0.2551,3.357,0.007441166759498728,0.06378142936713195,False,No_Change
GENE_038,Promoter_CpG_Island_GENE_038,0.4971,0.2272,-0.2699,-3.165,0.010101620293754996,0.07749525940302124,False,No_Change
FOS,Promoter_CpG_Island_FOS,0.363,0.5861,0.2231,3.235,0.010332701253736165,0.07749525940302124,False,No_Change
SYN1,Promoter_CpG_Island_SYN1,0.5557,0.3159,-0.2397,-3.379,0.011041535202458862,0.0779402484879449,False,No_Change
GENE_043,Promoter_CpG_Island_GENE_043,0.48,0.2278,-0.2522,-3.072,0.011839130098723262,0.07892753399148841,False,No_Change
GENE_051,Promoter_CpG_Island_GENE_051,0.5642,0.2724,-0.2917,-2.898,0.018466238696061912,0.11662887597512787,False,No_Change
FOXP2,Promoter_CpG_Island_FOXP2,0.4903,0.2399,-0.2504,-2.735,0.021604646230106304,0.1296278773806378,False,No_Change
GENE_035,Promoter_CpG_Island_GENE_035,0.5149,0.6733,0.1584,2.579,0.03257472498355735,0.18614128562032772,False,No_Change
GENE_011,Promoter_CpG_Island_GENE_011,0.5973,0.4307,-0.1665,-2.446,0.03560784559446256,0.18944782362274765,False,No_Change
HDAC2,Promoter_CpG_Island_HDAC2,0.5464,0.7919,0.2455,2.422,0.03631083286102663,0.18944782362274765,False,No_Change
SYP,Promoter_CpG_Island_SYP,0.5828,0.393,-0.1898,-2.564,0.04233983348233814,0.2116991674116907,False,No_Change
EZH2,Promoter_CpG_Island_EZH2,0.5103,0.7427,0.2325,2.281,0.045726670279261354,0.2194880173404545,False,No_Change
GENE_095,Promoter_CpG_Island_GENE_095,0.4795,0.3021,-0.1773,-2.134,0.059024433021391695,0.249593588457628,False,No_Change
GENE_040,Promoter_CpG_Island_GENE_040,0.4614,0.6427,0.1813,2.304,0.059967658394904325,0.249593588457628,False,No_Change
GENE_086,Promoter_CpG_Island_GENE_086,0.6868,0.5173,-0.1695,-2.12,0.060077021476692256,0.249593588457628,False,No_Change
EGR1,Promoter_CpG_Island_EGR1,0.4439,0.614,0.1701,2.147,0.06031845054392676,0.249593588457628,False,No_Change
GENE_029,Promoter_CpG_Island_GENE_029,0.4584,0.3771,-0.0813,-2.025,0.07112250803939936,0.28449003215759744,False,No_Change
GENE_083,Promoter_CpG_Island_GENE_083,0.4549,0.2871,-0.1678,-1.989,0.07659321541320875,0.29417749568853957,False,No_Change
GRIN2B,Promoter_CpG_Island_GRIN2B,0.4742,0.2853,-0.1888,-1.964,0.07844733218361055,0.29417749568853957,False,No_Change
GENE_004,Promoter_CpG_Island_GENE_004,0.465,0.6192,0.1542,1.856,0.09565489493716244,0.34783598158968154,False,No_Change
GENE_021,Promoter_CpG_Island_GENE_021,0.4982,0.3256,-0.1725,-1.84,0.09970516746014178,0.3519005910357946,False,No_Change
ARC,Promoter_CpG_Island_ARC,0.6058,0.4741,-0.1317,-1.712,0.12132863161413228,0.4159838798198821,False,No_Change
GENE_050,Promoter_CpG_Island_GENE_050,0.4497,0.5441,0.0944,1.66,0.12928073453231698,0.4309357817743899,False,No_Change
GENE_014,Promoter_CpG_Island_GENE_014,0.5149,0.6351,0.1202,1.521,0.16048106467097442,0.5089534231149316,False,No_Change
GENE_044,Promoter_CpG_Island_GENE_044,0.4667,0.6119,0.1452,1.518,0.16116858398639503,0.5089534231149316,False,No_Change
GENE_007,Promoter_CpG_Island_GENE_007,0.6,0.488,-0.112,-1.465,0.1773253879579122,0.5456165783320375,False,No_Change
GENE_037,Promoter_CpG_Island_GENE_037,0.4831,0.6045,0.1214,1.314,0.22235755723056047,0.6408787884629312,False,No_Change
GENE_100,Promoter_CpG_Island_GENE_100,0.4309,0.543,0.1121,1.33,0.22275568901593237,0.6408787884629312,False,No_Change
GENE_049,Promoter_CpG_Island_GENE_049,0.4138,0.5128,0.0989,1.295,0.22430757596202594,0.6408787884629312,False,No_Change
GENE_053,Promoter_CpG_Island_GENE_053,0.5231,0.6571,0.134,1.263,0.23555190662032266,0.64340207889883,False,No_Change
GENE_046,Promoter_CpG_Island_GENE_046,0.5989,0.4784,-0.1205,-1.256,0.23796995779992755,0.64340207889883,False,No_Change
KMT2A,Promoter_CpG_Island_KMT2A,0.4169,0.5194,0.1025,1.264,0.24127577958706128,0.64340207889883,False,No_Change
BDNF,Promoter_CpG_Island_BDNF,0.5057,0.579,0.0733,1.194,0.2604035906714808,0.661926853703461,False,No_Change
GENE_092,Promoter_CpG_Island_GENE_092,0.5245,0.6189,0.0944,1.183,0.2641140206007903,0.661926853703461,False,No_Change
GENE_073,Promoter_CpG_Island_GENE_073,0.4903,0.6152,0.1249,1.182,0.2647707414813844,0.661926853703461,False,No_Change
GENE_058,Promoter_CpG_Island_GENE_058,0.4495,0.5424,0.0929,1.156,0.27588153268693494,0.6649069896098249,False,No_Change
GENE_093,Promoter_CpG_Island_GENE_093,0.4642,0.5812,0.117,1.16,0.2770445790040937,0.6649069896098249,False,No_Change
DNMT3A,Promoter_CpG_Island_DNMT3A,0.5399,0.6583,0.1184,1.124,0.28752081608057045,0.676519567248401,False,No_Change
GENE_008,Promoter_CpG_Island_GENE_008,0.4984,0.5806,0.0822,1.097,0.2991005807041823,0.6902321093173437,False,No_Change
GENE_070,Promoter_CpG_Island_GENE_070,0.3947,0.4529,0.0582,1.023,0.3358359731009142,0.7399218128024144,False,No_Change
GENE_039,Promoter_CpG_Island_GENE_039,0.5557,0.6556,0.0999,1.01,0.3371084120853334,0.7399218128024144,False,No_Change
GENE_069,Promoter_CpG_Island_GENE_069,0.5989,0.5086,-0.0903,-1.008,0.3391308308677733,0.7399218128024144,False,No_Change
GENE_042,Promoter_CpG_Island_GENE_042,0.4564,0.5335,0.0771,0.975,0.3524606509812761,0.7422711367974,False,No_Change
GENE_099,Promoter_CpG_Island_GENE_099,0.6441,0.7105,0.0664,0.965,0.3594055241638152,0.7422711367974,False,No_Change
GENE_067,Promoter_CpG_Island_GENE_067,0.5843,0.6711,0.0868,0.968,0.3598962149119832,0.7422711367974,False,No_Change
GENE_072,Promoter_CpG_Island_GENE_072,0.5609,0.4675,-0.0934,-0.95,0.364949975592055,0.7422711367974,False,No_Change
TET2,Promoter_CpG_Island_TET2,0.5496,0.4556,-0.094,-0.933,0.37328191709821024,0.7465638341964205,False,No_Change
GENE_027,Promoter_CpG_Island_GENE_027,0.5404,0.47,-0.0704,-0.896,0.3952539943089156,0.7734966139911843,False,No_Change
GENE_036,Promoter_CpG_Island_GENE_036,0.4874,0.5723,0.0848,0.875,0.4031682502466821,0.7734966139911843,False,No_Change
GENE_079,Promoter_CpG_Island_GENE_079,0.5093,0.4354,-0.0738,-0.873,0.40608572234537177,0.7734966139911843,False,No_Change
GENE_028,Promoter_CpG_Island_GENE_028,0.385,0.437,0.0519,0.817,0.438045107402266,0.8213345763792488,False,No_Change
GENE_006,Promoter_CpG_Island_GENE_006,0.5081,0.4369,-0.0712,-0.762,0.46537775563868655,0.8240056020379014,False,No_Change
GENE_015,Promoter_CpG_Island_GENE_015,0.4725,0.5428,0.0703,0.758,0.46745190701524597,0.8240056020379014,False,No_Change
GENE_078,Promoter_CpG_Island_GENE_078,0.6419,0.6082,-0.0337,-0.748,0.4733481635260145,0.8240056020379014,False,No_Change
GENE_082,Promoter_CpG_Island_GENE_082,0.5858,0.6393,0.0535,0.743,0.4743373563273835,0.8240056020379014,False,No_Change
GENE_013,Promoter_CpG_Island_GENE_013,0.5144,0.5737,0.0593,0.738,0.479883410922716,0.8240056020379014,False,No_Change
GENE_066,Promoter_CpG_Island_GENE_066,0.5535,0.4875,-0.0661,-0.735,0.4813321664195067,0.8240056020379014,False,No_Change
GENE_031,Promoter_CpG_Island_GENE_031,0.4903,0.5445,0.0542,0.716,0.4906455099100179,0.8240056020379014,False,No_Change
GENE_081,Promoter_CpG_Island_GENE_081,0.5095,0.5681,0.0586,0.699,0.5017645439854093,0.8240056020379014,False,No_Change
GENE_022,Promoter_CpG_Island_GENE_022,0.4438,0.4928,0.049,0.699,0.5061049613241086,0.8240056020379014,False,No_Change
GENE_068,Promoter_CpG_Island_GENE_068,0.5301,0.5786,0.0485,0.682,0.5108477383773231,0.8240056020379014,False,No_Change
GENE_034,Promoter_CpG_Island_GENE_034,0.606,0.5498,-0.0561,-0.675,0.5154132625842409,0.8240056020379014,False,No_Change
GENE_056,Promoter_CpG_Island_GENE_056,0.5775,0.5261,-0.0514,-0.665,0.5218702146240042,0.8240056020379014,False,No_Change
GENE_001,Promoter_CpG_Island_GENE_001,0.4904,0.5499,0.0595,0.615,0.5521566681621781,0.8496176436115351,False,No_Change
GENE_075,Promoter_CpG_Island_GENE_075,0.5887,0.5388,-0.0498,-0.612,0.557886171981486,0.8496176436115351,False,No_Change
KDM6A,Promoter_CpG_Island_KDM6A,0.4099,0.4525,0.0426,0.604,0.559331615377594,0.8496176436115351,False,No_Change
GENE_055,Promoter_CpG_Island_GENE_055,0.5689,0.5256,-0.0433,-0.598,0.5706569254717826,0.8521037877000116,False,No_Change
GENE_084,Promoter_CpG_Island_GENE_084,0.4761,0.4204,-0.0557,-0.576,0.5771130356608272,0.8521037877000116,False,No_Change
GENE_030,Promoter_CpG_Island_GENE_030,0.4917,0.549,0.0572,0.564,0.5855296041238747,0.8521037877000116,False,No_Change
GENE_026,Promoter_CpG_Island_GENE_026,0.6336,0.5734,-0.0602,-0.557,0.5900421598268413,0.8521037877000116,False,No_Change
GENE_048,Promoter_CpG_Island_GENE_048,0.539,0.5844,0.0454,0.547,0.5964726513900082,0.8521037877000116,False,No_Change
GENE_019,Promoter_CpG_Island_GENE_019,0.5565,0.5126,-0.0438,-0.512,0.6196915906588094,0.8680756284229693,False,No_Change
GENE_023,Promoter_CpG_Island_GENE_023,0.5319,0.4875,-0.0443,-0.509,0.6221208670364613,0.8680756284229693,False,No_Change
GENE_076,Promoter_CpG_Island_GENE_076,0.5285,0.489,-0.0395,-0.493,0.6333084834217922,0.8720458186076006,False,No_Change
GENE_025,Promoter_CpG_Island_GENE_025,0.5577,0.5925,0.0348,0.489,0.639500266978907,0.8720458186076006,False,No_Change
GENE_060,Promoter_CpG_Island_GENE_060,0.593,0.5537,-0.0393,-0.453,0.6607310600083278,0.8896229231661615,False,No_Change
GENE_074,Promoter_CpG_Island_GENE_074,0.5165,0.4795,-0.037,-0.436,0.6718604933725065,0.8896229231661615,False,No_Change
GENE_059,Promoter_CpG_Island_GENE_059,0.4433,0.4756,0.0323,0.428,0.6776753867623526,0.8896229231661615,False,No_Change
GENE_065,Promoter_CpG_Island_GENE_065,0.5418,0.5832,0.0414,0.419,0.6845543904074608,0.8896229231661615,False,No_Change
GENE_061,Promoter_CpG_Island_GENE_061,0.5392,0.5708,0.0316,0.414,0.6894577654537752,0.8896229231661615,False,No_Change
GENE_085,Promoter_CpG_Island_GENE_085,0.5133,0.5442,0.0309,0.395,0.701224276690416,0.8951799276898927,False,No_Change
GENE_087,Promoter_CpG_Island_GENE_087,0.4861,0.5217,0.0356,0.383,0.7114535156498665,0.8986781250314103,False,No_Change
GENE_091,Promoter_CpG_Island_GENE_091,0.6244,0.597,-0.0274,-0.351,0.7333315071258142,0.9166643839072677,False,No_Change
GENE_057,Promoter_CpG_Island_GENE_057,0.5167,0.4879,-0.0288,-0.32,0.7573431758982567,0.9369193928638228,False,No_Change
GENE_041,Promoter_CpG_Island_GENE_041,0.5101,0.5321,0.022,0.294,0.7786622550503389,0.9416828284663257,False,No_Change
CREB1,Promoter_CpG_Island_CREB1,0.5474,0.5769,0.0295,0.289,0.7791525783103467,0.9416828284663257,False,No_Change
GENE_045,Promoter_CpG_Island_GENE_045,0.5586,0.5372,-0.0213,-0.259,0.8013648111820422,0.9416828284663257,False,No_Change
GENE_102,Promoter_CpG_Island_GENE_102,0.5161,0.538,0.0219,0.258,0.8021567251593117,0.9416828284663257,False,No_Change
GENE_101,Promoter_CpG_Island_GENE_101,0.6584,0.6738,0.0154,0.244,0.8120450098528551,0.9416828284663257,False,No_Change
GENE_054,Promoter_CpG_Island_GENE_054,0.6944,0.6722,-0.0222,-0.244,0.8136272930734041,0.9416828284663257,False,No_Change
GENE_063,Promoter_CpG_Island_GENE_063,0.5839,0.6074,0.0235,0.24,0.8161251180041489,0.9416828284663257,False,No_Change
GENE_024,Promoter_CpG_Island_GENE_024,0.645,0.6291,-0.0159,-0.187,0.8558085341097849,0.9718294904005667,False,No_Change
GENE_098,Promoter_CpG_Island_GENE_098,0.5755,0.5598,-0.0157,-0.174,0.8656229099791737,0.9718294904005667,False,No_Change
GENE_047,Promoter_CpG_Island_GENE_047,0.596,0.5801,-0.0159,-0.163,0.873611868022564,0.9718294904005667,False,No_Change
GENE_064,Promoter_CpG_Island_GENE_064,0.4829,0.4998,0.0169,0.162,0.87464654136051,0.9718294904005667,False,No_Change
GENE_020,Promoter_CpG_Island_GENE_020,0.5766,0.5649,-0.0116,-0.131,0.9001948967928004,0.9802145396166697,False,No_Change
GENE_018,Promoter_CpG_Island_GENE_018,0.521,0.5333,0.0123,0.128,0.9008160468515924,0.9802145396166697,False,No_Change
GENE_032,Promoter_CpG_Island_GENE_032,0.5828,0.5945,0.0117,0.118,0.9083221788810494,0.9802145396166697,False,No_Change
GENE_088,Promoter_CpG_Island_GENE_088,0.4723,0.4826,0.0104,0.11,0.9148669036422251,0.9802145396166697,False,No_Change
GENE_010,Promoter_CpG_Island_GENE_010,0.6297,0.6372,0.0075,0.086,0.9333133096005477,0.9895956650335587,False,No_Change
GENE_017,Promoter_CpG_Island_GENE_017,0.6264,0.6327,0.0063,0.077,0.9401158817818807,0.9895956650335587,False,No_Change
GENE_005,Promoter_CpG_Island_GENE_005,0.5938,0.5895,-0.0043,-0.056,0.9567558931776037,0.9941155990576025,False,No_Change
GENE_090,Promoter_CpG_Island_GENE_090,0.5746,0.5723,-0.0023,-0.028,0.9784439604768834,0.9941155990576025,False,No_Change
GENE_097,Promoter_CpG_Island_GENE_097,0.5412,0.5379,-0.0033,-0.028,0.9784481621672845,0.9941155990576025,False,No_Change
GENE_094,Promoter_CpG_Island_GENE_094,0.65,0.6486,-0.0014,-0.021,0.9839067332209255,0.9941155990576025,False,No_Change
GENE_002,Promoter_CpG_Island_GENE_002,0.5079,0.5067,-0.0012,-0.013,0.9898839662652181,0.9941155990576025,False,No_Change
NPAS4,Promoter_CpG_Island_NPAS4,0.5045,0.5039,-0.0006,-0.008,0.9941155990576025,0.9941155990576025,False,No_Change
