Sample_ID,Uniquely_Mapped_Pct,Multi_Mapped_Pct,Unmapped_Pct,Status
ANML_01_Untu_R1,89.02,7.03,3.95,PASS
ANML_02_Untu_R2,87.36,6.49,6.15,PASS
ANML_03_Untu_R3,89.39,7.94,2.67,PASS
ANML_04_Untu_R4,91.02,7.44,1.54,PASS
ANML_05_Untu_R5,89.5,6.44,4.06,PASS
ANML_06_Untu_R6,91.16,8.69,0.15,PASS
ANML_07_Tuto_R1,91.21,6.46,2.33,PASS
ANML_08_Tuto_R2,88.78,7.15,4.07,PASS
ANML_09_Tuto_R3,90.31,7.76,1.93,PASS
ANML_10_Tuto_R4,91.07,6.21,2.72,PASS
ANML_11_Tuto_R5,90.59,7.68,1.73,PASS
ANML_12_Tuto_R6,92.35,7.21,0.44,PASS
ANML_13_Tuto_R1,90.13,7.35,2.52,PASS
ANML_14_Tuto_R2,90.82,8.27,0.91,PASS
ANML_15_Tuto_R3,87.9,8.83,3.27,PASS
ANML_16_Tuto_R4,91.41,8.34,0.25,PASS
ANML_17_Tuto_R5,88.49,5.5,6.01,PASS
ANML_18_Tuto_R6,90.41,7.41,2.18,PASS
ANML_19_Tuto_R1,90.11,8.3,1.59,PASS
ANML_20_Tuto_R2,88.98,8.53,2.49,PASS
ANML_21_Tuto_R3,91.12,5.43,3.45,PASS
ANML_22_Tuto_R4,87.82,7.59,4.59,PASS
ANML_23_Tuto_R5,88.82,6.53,4.65,PASS
ANML_24_Tuto_R6,90.15,6.7,3.15,PASS
