Sample_ID,Total_Reads,Mean_Phred,GC_Pct,Duplication_Pct,Status
ANML_01_Untu_R1,39381308,37.02,48.18,16.84,PASS
ANML_02_Untu_R2,35683152,36.46,47.86,23.29,PASS
ANML_03_Untu_R3,38659097,37.14,49.28,15.61,PASS
ANML_04_Untu_R4,38566834,38.31,47.67,17.8,PASS
ANML_05_Untu_R5,36466533,38.06,50.01,18.22,PASS
ANML_06_Untu_R6,35822793,37.13,49.47,20.94,PASS
ANML_07_Tuto_R1,37987138,37.98,48.22,16.53,PASS
ANML_08_Tuto_R2,39540707,37.2,48.88,17.37,PASS
ANML_09_Tuto_R3,42702908,35.87,48.35,20.43,PASS
ANML_10_Tuto_R4,42207048,36.55,47.92,16.69,PASS
ANML_11_Tuto_R5,39393575,36.66,49.13,18.1,PASS
ANML_12_Tuto_R6,38094370,36.35,47.55,18.46,PASS
ANML_13_Tuto_R1,38761459,36.61,48.93,16.13,PASS
ANML_14_Tuto_R2,39854935,36.38,47.83,19.88,PASS
ANML_15_Tuto_R3,39286892,37.06,48.88,15.9,PASS
ANML_16_Tuto_R4,36016478,36.61,46.48,19.29,PASS
ANML_17_Tuto_R5,38893536,36.13,46.43,16.64,PASS
ANML_18_Tuto_R6,36552738,37.13,45.26,17.56,PASS
ANML_19_Tuto_R1,38185641,37.13,51.3,14.31,PASS
ANML_20_Tuto_R2,37946115,36.54,48.49,21.77,PASS
ANML_21_Tuto_R3,41692158,35.69,49.35,19.79,PASS
ANML_22_Tuto_R4,34775530,37.76,49.07,18.58,PASS
ANML_23_Tuto_R5,42497821,36.96,48.59,17.06,PASS
ANML_24_Tuto_R6,35213748,37.0,48.18,14.76,PASS
