Sample_ID,H3K4me3_Peaks,H3K27me3_Peaks,FRiP_Score,Bisulfite_Conv_Pct,Global_CpG_Meth_Pct,MACS3_Status,Bismark_Status
ANML_01_Untu_R1,24386,39535,0.692,99.53,68.8,PASS,PASS
ANML_02_Untu_R2,23833,37250,0.72,99.46,70.98,PASS,PASS
ANML_03_Untu_R3,23731,38843,0.702,99.5,64.29,PASS,PASS
ANML_04_Untu_R4,23331,41405,0.688,99.6,69.46,PASS,PASS
ANML_05_Untu_R5,23735,35815,0.672,99.43,69.64,PASS,PASS
ANML_06_Untu_R6,25478,38552,0.661,99.82,68.04,PASS,PASS
ANML_07_Tuto_R1,24984,38680,0.693,99.71,68.29,PASS,PASS
ANML_08_Tuto_R2,24705,37309,0.718,99.5,69.47,PASS,PASS
ANML_09_Tuto_R3,24536,32618,0.69,99.76,67.05,PASS,PASS
ANML_10_Tuto_R4,25258,36504,0.678,99.71,68.13,PASS,PASS
ANML_11_Tuto_R5,24735,36309,0.663,99.79,69.8,PASS,PASS
ANML_12_Tuto_R6,25942,38778,0.703,99.6,66.9,PASS,PASS
ANML_13_Tuto_R1,24664,39017,0.67,99.68,68.59,PASS,PASS
ANML_14_Tuto_R2,22789,37934,0.693,99.68,66.87,PASS,PASS
ANML_15_Tuto_R3,25683,38067,0.678,99.63,68.19,PASS,PASS
ANML_16_Tuto_R4,23657,33381,0.694,99.43,67.73,PASS,PASS
ANML_17_Tuto_R5,25785,41463,0.681,99.44,68.15,PASS,PASS
ANML_18_Tuto_R6,25439,36943,0.567,99.71,71.22,PASS,PASS
ANML_19_Tuto_R1,24755,38339,0.621,99.75,70.71,PASS,PASS
ANML_20_Tuto_R2,24323,36399,0.597,99.71,66.33,PASS,PASS
ANML_21_Tuto_R3,25780,37895,0.666,99.74,64.82,PASS,PASS
ANML_22_Tuto_R4,25962,43067,0.666,99.84,65.79,PASS,PASS
ANML_23_Tuto_R5,23356,39144,0.725,99.54,68.86,PASS,PASS
ANML_24_Tuto_R6,25730,37789,0.652,99.77,71.72,PASS,PASS
